<?xml version="1.0" encoding="utf-8"?>
<eml:eml xmlns:eml="eml://ecoinformatics.org/eml-2.1.1" xmlns:xsi="http://www.w3.org/2001/XMLSchema-instance"
         xsi:schemaLocation="eml://ecoinformatics.org/eml-2.1.1 http://rs.gbif.org/schema/eml-gbif-profile/1.1/eml.xsd"
        packageId="10.15468/dl.jp2mf1"  system="http://gbif.org" scope="system"
  xml:lang="en">

<dataset>
        <alternateIdentifier>0015290-171219132708484</alternateIdentifier>
    <title>GBIF Occurrence Download 10.15468/dl.jp2mf1</title>
    <creator>
    <individualName>
        <surName>GBIF Download Service</surName>
    </individualName>
<electronicMailAddress>support@gbif.org</electronicMailAddress>    </creator>
    <metadataProvider>
    <individualName>
        <surName>GBIF Download Service</surName>
    </individualName>
<electronicMailAddress>support@gbif.org</electronicMailAddress>    </metadataProvider>
    <associatedParty>
    <individualName>
        <surName>Liam Lysaght</surName>
    </individualName>
<organizationName>Collated by the National Biodiversity Data Centre from different sources</organizationName>    <address>
<deliveryPoint>National Biodiversity Data Centre, WIT West Campus, Carriganore, Waterford</deliveryPoint><country>IRELAND</country>    </address>
<phone>+ 353 51 306240</phone><electronicMailAddress>llysaght@biodiversityireland.ie</electronicMailAddress><onlineUrl>http://www.biodiversityireland.ie/</onlineUrl>    <role>CONTENT_PROVIDER</role>
    </associatedParty>
    <associatedParty>
    <individualName>
<givenName>Mark</givenName>        <surName>Robbins</surName>
    </individualName>
<organizationName>KU Biodiversity Institute</organizationName><positionName>Collection Manager</positionName>    <address>
<deliveryPoint>Dyche Hall, 1345 Jayhawk Blvd.</deliveryPoint><city>Lawrence</city><administrativeArea>KS</administrativeArea><postalCode>66045</postalCode><country>UNITED_STATES</country>    </address>
<phone>+01 785 864 3657</phone><electronicMailAddress>mrobbins@ku.edu</electronicMailAddress><onlineUrl>http://ornithology.biodiversity.ku.edu/</onlineUrl>    <role>CONTENT_PROVIDER</role>
    </associatedParty>
    <associatedParty>
    <individualName>
<givenName>Michael</givenName>        <surName>Werner</surName>
    </individualName>
<electronicMailAddress>BEO@senckenberg.de</electronicMailAddress>    <role>CONTENT_PROVIDER</role>
    </associatedParty>
    <associatedParty>
    <individualName>
<givenName>Keith</givenName>        <surName>Barker</surName>
    </individualName>
<organizationName>Bell Museum of Natural History</organizationName><positionName>Curator of Genetic Resources</positionName>    <address>
<deliveryPoint>100 Ecology Building, 1987 Upper Buford Circle</deliveryPoint><city>St. Paul</city><administrativeArea>MN</administrativeArea><postalCode>55108</postalCode><country>UNITED_STATES</country>    </address>
<phone>+01 612-624-2737</phone><electronicMailAddress>barke042@umn.edu</electronicMailAddress><onlineUrl>http://www.tc.umn.edu/~barke042/</onlineUrl>    <role>CONTENT_PROVIDER</role>
    </associatedParty>
    <associatedParty>
    <individualName>
<givenName>Wouter</givenName>        <surName>Vanreusel</surName>
    </individualName>
<organizationName>Natuurpunt Studie</organizationName><positionName>Celhoofd cel natuurstudie</positionName>    <address>
<deliveryPoint>Coxiestraat 11</deliveryPoint><city>Mechelen</city><administrativeArea>Antwerp</administrativeArea><postalCode>2800</postalCode><country>BELGIUM</country>    </address>
<electronicMailAddress>wouter.vanreusel@natuurpunt.be</electronicMailAddress><onlineUrl>http://www.natuurpunt.be</onlineUrl>    <role>CONTENT_PROVIDER</role>
    </associatedParty>
    <associatedParty>
<electronicMailAddress>paulbe@ceh.ac.uk</electronicMailAddress>    <role>CONTENT_PROVIDER</role>
    </associatedParty>
    <associatedParty>
    <individualName>
<givenName>Anders</givenName>        <surName>Telenius</surName>
    </individualName>
<organizationName>Swedish Museum of Natural History</organizationName><positionName>Node manager</positionName>    <address>
<country>SWEDEN</country>    </address>
<electronicMailAddress>anders.telenius@nrm.se</electronicMailAddress>    <role>CONTENT_PROVIDER</role>
    </associatedParty>
    <associatedParty>
    <individualName>
<givenName>Javier</givenName>        <surName>Quesada Lara</surName>
    </individualName>
<organizationName>Museu de Ciències Naturals de Barcelona</organizationName><positionName>Conservador</positionName>    <address>
<deliveryPoint>Passeig Picasso s/n</deliveryPoint><city>Barcelona</city><administrativeArea>Catalunya</administrativeArea><postalCode>E-08003</postalCode><country>SPAIN</country>    </address>
<phone>+34 932562224</phone><electronicMailAddress>jquesadal@bcn.cat</electronicMailAddress><onlineUrl>http://www.museuciencies.cat</onlineUrl>    <role>CONTENT_PROVIDER</role>
    </associatedParty>
    <associatedParty>
    <individualName>
        <surName>John Lucey</surName>
    </individualName>
<organizationName>Environmental Protection Agency</organizationName>    <address>
<deliveryPoint>Environmental Protection Agency, Seville Lodge, Callan Road, Kilkenny</deliveryPoint><country>IRELAND</country>    </address>
<phone>+ 353 56-7796700</phone><electronicMailAddress>J.Lucey@epa.ie</electronicMailAddress><onlineUrl>http://www.epa.ie/</onlineUrl>    <role>CONTENT_PROVIDER</role>
    </associatedParty>
    <associatedParty>
    <individualName>
<givenName>Christian</givenName>        <surName>Bohm</surName>
    </individualName>
<organizationName>Natural History Museum</organizationName><positionName>System administrator</positionName>    <address>
<city>Göteborg</city><country>SWEDEN</country>    </address>
<electronicMailAddress>christian.bohm@vgregion.se</electronicMailAddress>    <role>CONTENT_PROVIDER</role>
    </associatedParty>
    <associatedParty>
    <individualName>
<givenName>Satu</givenName>        <surName>Kuntsi</surName>
    </individualName>
<organizationName>Jyväskylä University Museum</organizationName>    <address>
<deliveryPoint>Vesilinna, Ihantolantie 5</deliveryPoint><city>Jyväskylä</city><postalCode>40720</postalCode><country>FINLAND</country>    </address>
<electronicMailAddress>satu.kuntsi@jyu.fi</electronicMailAddress><onlineUrl>https://www.jyu.fi/erillis/museo/en/natural</onlineUrl>    <role>CONTENT_PROVIDER</role>
    </associatedParty>
    <associatedParty>
    <individualName>
<givenName>Glenn</givenName>        <surName>Vermeersch</surName>
    </individualName>
<organizationName>Research Institute for Nature and Forest (INBO)</organizationName><positionName>Researcher</positionName>    <address>
<deliveryPoint>Kliniekstraat 25</deliveryPoint><city>Brussels</city><administrativeArea>Brussels Capital Region</administrativeArea><postalCode>1070</postalCode><country>BELGIUM</country>    </address>
<electronicMailAddress>glenn.vermeersch@inbo.be</electronicMailAddress>    <role>CONTENT_PROVIDER</role>
    </associatedParty>
    <associatedParty>
    <individualName>
<givenName>Jesper Erenskjold</givenName>        <surName>Moeslund</surName>
    </individualName>
<organizationName>Bioscience, Aarhus University</organizationName><positionName>PhD, Academic staff</positionName>    <address>
<country>DENMARK</country>    </address>
<electronicMailAddress>jesper.moeslund@biology.au.dk</electronicMailAddress>    <role>CONTENT_PROVIDER</role>
    </associatedParty>
    <associatedParty>
    <individualName>
<givenName>Marta</givenName>        <surName>Iturribarria</surName>
    </individualName>
<organizationName>Eusko Jaurlaritza-Gobierno Vasco</organizationName>    <address>
<deliveryPoint>c/Donostia-San Sebastián 1</deliveryPoint><city>Vitoria-Gasteiz</city><administrativeArea>Araba</administrativeArea><postalCode>1010</postalCode><country>SPAIN</country>    </address>
<electronicMailAddress>hari-berdea@ej-gv.es</electronicMailAddress><onlineUrl>http://www.ingurumena.net</onlineUrl>    <role>CONTENT_PROVIDER</role>
    </associatedParty>
    <associatedParty>
    <individualName>
<givenName>Kevin</givenName>        <surName>Winker</surName>
    </individualName>
<organizationName>University of Alaska Museum</organizationName><positionName>Curator of Birds</positionName>    <address>
<deliveryPoint>907 Yukon Drive</deliveryPoint><city>Fairbanks</city><administrativeArea>AK</administrativeArea><postalCode>99775-6960</postalCode><country>UNITED_STATES</country>    </address>
<electronicMailAddress>kevin.winker@alaska.edu</electronicMailAddress><onlineUrl>http://www.kevinwinker.org/</onlineUrl>    <role>CONTENT_PROVIDER</role>
    </associatedParty>
    <associatedParty>
    <individualName>
        <surName>Tomás Murray</surName>
    </individualName>
<organizationName>National Biodiversity Data Centre</organizationName>    <address>
<deliveryPoint>National Biodiversity Data Centre, WIT West Campus, Waterford</deliveryPoint><country>IRELAND</country>    </address>
<phone>+353 51 306240</phone><electronicMailAddress>tmurray@biodiversityireland.ie</electronicMailAddress><onlineUrl>http://www.habitas.org.uk/dragonflyireland/</onlineUrl>    <role>CONTENT_PROVIDER</role>
    </associatedParty>
    <associatedParty>
    <individualName>
<givenName>Anders</givenName>        <surName>Telenius</surName>
    </individualName>
<organizationName>Swedish Museum of Natural History</organizationName><positionName>Node manager</positionName>    <address>
<city>Stockholm</city><country>SWEDEN</country>    </address>
<electronicMailAddress>anders.telenius@nrm.se</electronicMailAddress>    <role>CONTENT_PROVIDER</role>
    </associatedParty>
    <associatedParty>
    <individualName>
        <surName>MNHN</surName>
    </individualName>
<organizationName>MNHN</organizationName><positionName>Provider</positionName>    <role>CONTENT_PROVIDER</role>
    </associatedParty>
    <associatedParty>
    <individualName>
        <surName>Liam Lysaght</surName>
    </individualName>
<organizationName>Collated by the National Biodiversity Data Centre from different sources</organizationName>    <address>
<deliveryPoint>National Biodiversity Data Centre, Carriganore, WIT West Campus, Waterford</deliveryPoint><country>IRELAND</country>    </address>
<phone>00 353 51 306240</phone><electronicMailAddress>llysaght@biodiversityireland.ie</electronicMailAddress><onlineUrl>http://www.waterfordwildlife.com/</onlineUrl>    <role>CONTENT_PROVIDER</role>
    </associatedParty>
    <associatedParty>
    <individualName>
<givenName>Isabel</givenName>        <surName>Calabuig</surName>
    </individualName>
<organizationName>Danish Biodiversity Information Facility (DanBIF)</organizationName><positionName>Project leader, and DanBIF Node Manager</positionName>    <address>
<deliveryPoint>Natural History Museum of Denmark, Universitetsparken 15</deliveryPoint><city>Copenhagen</city><postalCode>2100</postalCode><country>DENMARK</country>    </address>
<phone>+45 353-21103</phone><electronicMailAddress>ICalabuig@snm.ku.dk</electronicMailAddress>    <role>CONTENT_PROVIDER</role>
    </associatedParty>
    <associatedParty>
    <individualName>
<givenName>Javier</givenName>        <surName>Quesada Lara</surName>
    </individualName>
<organizationName>Museu de Ciències Naturals de Barcelona</organizationName><positionName>Conservador</positionName>    <address>
<deliveryPoint>Passeig Picasso s/n</deliveryPoint><city>Barcelona</city><administrativeArea>Catalunya</administrativeArea><postalCode>E-08003</postalCode><country>SPAIN</country>    </address>
<phone>+34 932562224</phone><electronicMailAddress>jquesadal@bcn.cat</electronicMailAddress><onlineUrl>http://www.museuciencies.cat</onlineUrl>    <role>CONTENT_PROVIDER</role>
    </associatedParty>
    <associatedParty>
    <individualName>
<givenName>Javier</givenName>        <surName>Ranz</surName>
    </individualName>
<organizationName>Generalitat Valenciana</organizationName><positionName>Técnico</positionName>    <address>
<deliveryPoint>Castán Tobeñas, 77</deliveryPoint><city>Valencia</city>    </address>
<phone>961208596</phone><electronicMailAddress>ranz_jav@gva.es</electronicMailAddress>    <role>CONTENT_PROVIDER</role>
    </associatedParty>
    <associatedParty>
    <individualName>
<givenName>Terje</givenName>        <surName>Blindheim</surName>
    </individualName>
<organizationName>BioFokus</organizationName>    <address>
<deliveryPoint>Gaustadalléen 21</deliveryPoint><city>Oslo</city><postalCode>0349</postalCode><country>NORWAY</country>    </address>
<phone>0047 9955 0257</phone><electronicMailAddress>terje@biofokus.no</electronicMailAddress><onlineUrl>http://www.biofokus.no</onlineUrl>    <role>CONTENT_PROVIDER</role>
    </associatedParty>
    <associatedParty>
    <individualName>
<givenName>Frans</givenName>        <surName>Slieker</surName>
    </individualName>
<organizationName>Natural History Museum Rotterdam</organizationName><positionName>Honorary Curator</positionName>    <address>
<deliveryPoint>Westzeedijk 345</deliveryPoint><city>Rotterdam</city><postalCode>NL-3015 AA</postalCode><country>NETHERLANDS</country>    </address>
<phone>+31-(0)10-4364222</phone><electronicMailAddress>fjas@caiway.net</electronicMailAddress>    <role>CONTENT_PROVIDER</role>
    </associatedParty>
    <associatedParty>
    <individualName>
<givenName>Roger</givenName>        <surName>Caritg</surName>
    </individualName>
<organizationName>CENMA - Centre d&apos;Estudis de la Neu i de la Muntanya d&apos;Andorra</organizationName><positionName>Node Manager</positionName>    <address>
<deliveryPoint>Av. Rocafort , 21-23 Edifici Molí, 3r pis</deliveryPoint><city>Sant Julià de Lòria</city><administrativeArea>Andorra</administrativeArea><postalCode>AD600</postalCode><country>ANDORRA</country>    </address>
<phone>(+376) 742630</phone><electronicMailAddress>rcaritg.cenma@iea.ad</electronicMailAddress><onlineUrl>http://www.cenma.ad</onlineUrl>    <role>CONTENT_PROVIDER</role>
    </associatedParty>
    <associatedParty>
<organizationName>Tromsø Museum</organizationName><phone>004777645001</phone><electronicMailAddress>postmottak@tmu.uit.no</electronicMailAddress><onlineUrl>https://uit.no/tmu/</onlineUrl>    <role>CONTENT_PROVIDER</role>
    </associatedParty>
    <associatedParty>
    <individualName>
<givenName>Roger</givenName>        <surName>Caritg</surName>
    </individualName>
<organizationName>CENMA - Centre d&apos;Estudis de la Neu i de la Muntanya d&apos;Andorra</organizationName><positionName>Node Manager</positionName>    <address>
<deliveryPoint>Av. Rocafort , 21-23 Edifici Molí, 3r pis</deliveryPoint><city>Sant Julià de Lòria</city><administrativeArea>Andorra</administrativeArea><postalCode>AD600</postalCode><country>ANDORRA</country>    </address>
<phone>(+376) 742630</phone><electronicMailAddress>rcaritg.cenma@iea.ad</electronicMailAddress><onlineUrl>http://www.cenma.ad</onlineUrl>    <role>CONTENT_PROVIDER</role>
    </associatedParty>
    <associatedParty>
    <individualName>
        <surName>Tomas Murray</surName>
    </individualName>
<organizationName>National Biodiversity Data Centre</organizationName>    <address>
<deliveryPoint>WIT West Campus, Carraiganore, Co. Waterford</deliveryPoint><country>IRELAND</country>    </address>
<electronicMailAddress>tmurray@biodiversityireland.ie</electronicMailAddress>    <role>CONTENT_PROVIDER</role>
    </associatedParty>
    <associatedParty>
    <individualName>
        <surName>Dr. Liam Lysaght</surName>
    </individualName>
<organizationName>Collated by the National Biodiversity Data Centre from different sources</organizationName>    <address>
<deliveryPoint>Beechfield House, Carriganore, WIT West Campus, Waterford</deliveryPoint><country>IRELAND</country>    </address>
<phone>+ 353 51 306240</phone><electronicMailAddress>llysaght@biodiversityireland.ie</electronicMailAddress><onlineUrl>http://www.biodiversityireland.ie/</onlineUrl>    <role>CONTENT_PROVIDER</role>
    </associatedParty>
    <associatedParty>
    <individualName>
<givenName>Lars Erik</givenName>        <surName>Johannessen</surName>
    </individualName>
<organizationName>Natural History Museum, University of Oslo</organizationName>    <address>
<deliveryPoint>P.O. Box 1172 Blindern</deliveryPoint><postalCode>NO-0318 Oslo</postalCode><country>NORWAY</country>    </address>
<electronicMailAddress>nhm-dnabank@nhm.uio.no</electronicMailAddress><onlineUrl>https://www.nhm.uio.no/english/research/collections/zoological/bird/</onlineUrl>    <role>CONTENT_PROVIDER</role>
    </associatedParty>
    <associatedParty>
<organizationName>The Natural History Museum, London</organizationName><electronicMailAddress>data@nhm.ac.uk</electronicMailAddress><onlineUrl>http://data.nhm.ac.uk</onlineUrl>    <role>CONTENT_PROVIDER</role>
    </associatedParty>
    <associatedParty>
<organizationName>Helgeland Museum</organizationName>    <address>
<country>NORWAY</country>    </address>
    <role>CONTENT_PROVIDER</role>
    </associatedParty>
    <associatedParty>
    <individualName>
        <surName>University of Alberta Museums</surName>
    </individualName>
    <address>
<deliveryPoint>Ring House 1, Museums and Collections Services, University of Alberta</deliveryPoint><city>Edmonton</city><administrativeArea>Alberta</administrativeArea><postalCode>T6G 2E1</postalCode><country>CANADA</country>    </address>
<phone>780.492.5834</phone><electronicMailAddress>museums@ualberta.ca</electronicMailAddress><onlineUrl>http://www.museums.ualberta.ca/</onlineUrl>    <role>CONTENT_PROVIDER</role>
    </associatedParty>
    <associatedParty>
    <individualName>
<givenName>Jarosław</givenName>        <surName>Nowakowski</surName>
    </individualName>
<organizationName>University of Gdańsk, Bird Migration Research Station</organizationName>    <address>
<country>POLAND</country>    </address>
<electronicMailAddress>jaroslaw.nowakowski@gazeta.pl</electronicMailAddress><onlineUrl>http://www.birds.univ.gda.pl/</onlineUrl>    <role>CONTENT_PROVIDER</role>
    </associatedParty>
    <associatedParty>
    <individualName>
<givenName>Manash</givenName>        <surName>Shah</surName>
    </individualName>
<organizationName>Swedish Museum of Natural History</organizationName><positionName>Database Developer</positionName>    <address>
<city>Stockholm</city><country>SWEDEN</country>    </address>
<electronicMailAddress>manash.shah@nrm.se</electronicMailAddress>    <role>CONTENT_PROVIDER</role>
    </associatedParty>
    <associatedParty>
    <individualName>
<givenName>Larry</givenName>        <surName>Gall</surName>
    </individualName>
<organizationName>Yale Peabody Museum</organizationName><positionName>Head, Computer Systems Office</positionName>    <address>
<deliveryPoint>170 Whitney Avenue</deliveryPoint><city>New Haven</city><administrativeArea>CT</administrativeArea><postalCode>06511</postalCode><country>UNITED_STATES</country>    </address>
<phone>203-432-9892</phone><electronicMailAddress>lawrence.gall@yale.edu</electronicMailAddress><onlineUrl>http://www.peabody.yale.edu</onlineUrl>    <role>CONTENT_PROVIDER</role>
    </associatedParty>
    <associatedParty>
    <individualName>
        <surName>Liam Lysaght</surName>
    </individualName>
<organizationName>Collated by the National Biodiversity Data Centre from different sources</organizationName>    <address>
<deliveryPoint>National Biodiversity Data Centre, Carriganore, WIT West Campus, Waterford</deliveryPoint>    </address>
<phone>+ 353 51 306240</phone><electronicMailAddress>llysaght@biodiversityireland.ie</electronicMailAddress><onlineUrl>http://www.biodiversityireland.ie/</onlineUrl>    <role>CONTENT_PROVIDER</role>
    </associatedParty>
    <associatedParty>
    <individualName>
<givenName>Dirk</givenName>        <surName>Maes</surName>
    </individualName>
<organizationName>Research Institute for Nature and Forest (INBO)</organizationName><positionName>Researcher</positionName>    <address>
<deliveryPoint>Kliniekstraat 25</deliveryPoint><city>Brussels</city><administrativeArea>Brussels Capital Region</administrativeArea><postalCode>1070</postalCode><country>BELGIUM</country>    </address>
<electronicMailAddress>dirk.maes@inbo.be</electronicMailAddress>      <userId directory="http://www.researcherid.com/rid/">B-1819-2009</userId>
    <role>CONTENT_PROVIDER</role>
    </associatedParty>
    <associatedParty>
    <individualName>
        <surName>Congella Maguire</surName>
    </individualName>
<organizationName>Clare Biological Records Centre</organizationName>    <address>
<deliveryPoint>Heritage Officer, Clare County Council, Ennis, Co. Clare</deliveryPoint><country>IRELAND</country>    </address>
<phone>00 353 65 684 6408</phone><electronicMailAddress>cmcguire@clarecoco.ie</electronicMailAddress>    <role>CONTENT_PROVIDER</role>
    </associatedParty>
    <associatedParty>
    <individualName>
<givenName>Satu</givenName>        <surName>Kuntsi</surName>
    </individualName>
<organizationName>Jyväskylä University Museum</organizationName>    <address>
<deliveryPoint>Vesilinna, Ihantolantie 5</deliveryPoint><city>Jyväskylä</city><postalCode>40720</postalCode><country>FINLAND</country>    </address>
<electronicMailAddress>satu.kuntsi@jyu.fi</electronicMailAddress><onlineUrl>https://www.jyu.fi/erillis/museo/en/natural</onlineUrl>    <role>CONTENT_PROVIDER</role>
    </associatedParty>
    <associatedParty>
    <individualName>
<givenName>Tom</givenName>        <surName>Trombone</surName>
    </individualName>
<organizationName>American Museum of Natural History</organizationName><positionName>Data Manager</positionName>    <address>
<deliveryPoint>Central Park West at 79th Street</deliveryPoint><city>New York</city><administrativeArea>NY</administrativeArea><postalCode>10024</postalCode><country>UNITED_STATES</country>    </address>
<phone>+01 212-313-7783</phone><electronicMailAddress>trombone@amnh.org</electronicMailAddress><onlineUrl>http://www.amnh.org/</onlineUrl>    <role>CONTENT_PROVIDER</role>
    </associatedParty>
    <associatedParty>
    <individualName>
<givenName>Edwin</givenName>        <surName>Scholes III, Ph.D.</surName>
    </individualName>
<organizationName>Macaulay Library</organizationName><positionName>Curator of Video</positionName>    <address>
<deliveryPoint>Cornell Lab of Ornithology - 159 Sapsucker Woods Road</deliveryPoint><city>Ithaca</city><administrativeArea>NY</administrativeArea><postalCode>14850</postalCode><country>UNITED_STATES</country>    </address>
<phone>+1 607-254-1115</phone><electronicMailAddress>edwin.scholes@cornell.edu</electronicMailAddress><onlineUrl>http://macaulaylibrary.org/</onlineUrl>    <role>CONTENT_PROVIDER</role>
    </associatedParty>
    <associatedParty>
    <individualName>
<givenName>Thomas</givenName>        <surName>Orrell</surName>
    </individualName>
<organizationName>National Museum of Natural History, Smithsonian Institution</organizationName><positionName>Branch Chief, NMNH Informatics</positionName>    <address>
<deliveryPoint>P.O. Box 37012, MRC 136</deliveryPoint><city>Washington</city><administrativeArea>DC</administrativeArea><postalCode>20013-7012</postalCode><country>UNITED_STATES</country>    </address>
<phone>202-633-2151</phone><electronicMailAddress>orrellt@si.edu</electronicMailAddress><onlineUrl>http://collections.mnh.si.edu</onlineUrl>      <userId directory="http://orcid.org/">0000-0003-1038-3028</userId>
    <role>CONTENT_PROVIDER</role>
    </associatedParty>
    <associatedParty>
    <individualName>
<givenName>José Miguel</givenName>        <surName>Barea-Azcón</surName>
    </individualName>
<organizationName>Agencia de Medio Ambiente y Agua, Consejería de Medio Ambiente y Ordenación del Territorio (Junta de Andalucía)</organizationName><positionName>Researcher</positionName>    <address>
<deliveryPoint>C/ Joaquina Eguaras 10</deliveryPoint><city>Granada</city><postalCode>18013</postalCode><country>SPAIN</country>    </address>
<electronicMailAddress>jbarea@agenciamedioambienteyagua.es</electronicMailAddress>    <role>CONTENT_PROVIDER</role>
    </associatedParty>
    <associatedParty>
    <individualName>
<givenName>Anders</givenName>        <surName>Telenius</surName>
    </individualName>
<organizationName>GBIF-Sweden</organizationName><positionName>Node Manager</positionName>    <address>
<city>Stockholm</city><country>SWEDEN</country>    </address>
<electronicMailAddress>anders.telenius@nrm.se</electronicMailAddress>    <role>CONTENT_PROVIDER</role>
    </associatedParty>
    <associatedParty>
    <individualName>
<givenName>Anders</givenName>        <surName>Telenius</surName>
    </individualName>
<organizationName>Swedish Museum of Natural History</organizationName><positionName>Node manager</positionName>    <address>
<city>Stockholm</city><country>SWEDEN</country>    </address>
<electronicMailAddress>anders.telenius@nrm.se</electronicMailAddress>    <role>CONTENT_PROVIDER</role>
    </associatedParty>
    <associatedParty>
    <individualName>
<givenName>Hannu</givenName>        <surName>Saarenmaa</surName>
    </individualName>
<organizationName>University of Helsinki, Department of Forest Sciences</organizationName><positionName>Docent</positionName>    <address>
<deliveryPoint>PO Box 27</deliveryPoint><city>Helsinki</city><postalCode>00014</postalCode><country>FINLAND</country>    </address>
<phone>+358-45-1349427</phone><electronicMailAddress>hannu.saarenmaa@helsinki.fi</electronicMailAddress><onlineUrl>http://www.helsinki.fi/forestsciences/</onlineUrl>    <role>CONTENT_PROVIDER</role>
    </associatedParty>
    <associatedParty>
    <individualName>
<givenName>Rob</givenName>        <surName>Faucett</surName>
    </individualName>
<organizationName>University of Washington Burke Museum</organizationName><positionName>Collection Manager</positionName>    <address>
<deliveryPoint>Box 353010</deliveryPoint><city>Seattle</city><administrativeArea>WA</administrativeArea><postalCode>98195</postalCode><country>UNITED_STATES</country>    </address>
<phone>+1 206-543-1668</phone><electronicMailAddress>rfaucett@uw.edu</electronicMailAddress><onlineUrl>http://www.burkemuseum.org/</onlineUrl>    <role>CONTENT_PROVIDER</role>
    </associatedParty>
    <associatedParty>
    <individualName>
<givenName>Jesper</givenName>        <surName>Bønløkke</surName>
    </individualName>
<organizationName>ConDidact</organizationName><positionName>Editor</positionName>    <address>
<country>DENMARK</country>    </address>
<electronicMailAddress>jeb@condidact.dk</electronicMailAddress><onlineUrl>http://danske-dyr.dk/</onlineUrl>    <role>CONTENT_PROVIDER</role>
    </associatedParty>
    <associatedParty>
    <individualName>
<givenName>Glenn</givenName>        <surName>Vermeersch</surName>
    </individualName>
<organizationName>INBO</organizationName><positionName>Researcher</positionName>    <address>
<deliveryPoint>Havenlaan 88, bus 73</deliveryPoint><city>Brussels</city><administrativeArea>Brussels Capital Region</administrativeArea><postalCode>1070</postalCode><country>BELGIUM</country>    </address>
<onlineUrl>http://www.inbo.be</onlineUrl>    <role>CONTENT_PROVIDER</role>
    </associatedParty>
    <associatedParty>
    <individualName>
        <surName>Deirdre Lynn</surName>
    </individualName>
<organizationName>National Parks &amp; Wildlife Service, Department of Arts, Heritage and the Gaeltacht</organizationName>    <address>
<deliveryPoint>NPWS, 7 Ely Place, Dublin 2, Ireland.</deliveryPoint><country>IRELAND</country>    </address>
<phone>+353-1-8883293</phone><electronicMailAddress>deirdre.lynn@ahg.gov.ie</electronicMailAddress><onlineUrl>http://www.npws.ie/en/</onlineUrl>    <role>CONTENT_PROVIDER</role>
    </associatedParty>
    <associatedParty>
    <individualName>
<givenName>Henry</givenName>        <surName>van der Es</surName>
    </individualName>
<organizationName>Natural History Museum Rotterdam</organizationName><positionName>Collection Manager</positionName>    <address>
<deliveryPoint>Westzeedijk 345</deliveryPoint><city>Rotterdam</city><postalCode>NL-3015 AA</postalCode><country>NETHERLANDS</country>    </address>
<phone>+31-(0)10-4364222</phone><electronicMailAddress>vanderes@hetnatuurhistorisch.nl</electronicMailAddress>    <role>CONTENT_PROVIDER</role>
    </associatedParty>
      <pubDate>
      2018-01-30
      </pubDate>
    <language>ENGLISH</language>
    <abstract>
        <para>A dataset containing all occurrences available in GBIF matching the query:
TaxonKey: Vanessa atalanta Linnaeus, 1758 or Phylloscopus collybita (Vieillot, 1817) 
Continent: Europe 
Year: &gt;= 1988 or &lt;= 2017
The dataset includes records from the following constituent datasets. The full metadata for each constituent is also included in this archive:
1 records from KUBI Ornithology Collection
1 records from MMNH Museum Bird Collection
1 records from UAM Bird Collection (Arctos)
1 records from Lepidoptera (Specimens NRM)
1 records from Universidad Autónoma de Madrid, Madrid; Lepidópteros
2 records from flower visitor interactions 2007 Schwäbische Alb
2 records from Lund Museum of Zoology (MZLU)
2 records from EPA River Biologists data
2 records from Arthropod collection, Tromsø Museum
2 records from University of Alberta E. H. Strickland Entomological Museum (UASM)
3 records from Vertebrate specimens of Jyväskylä University Museum
3 records from Local BioBlitz Challenge 2013
4 records from Vertebrates of the Gothenburg Natural History Museum (GNM)
4 records from European Lepidoptera Observations by Donald Hobern
4 records from Museo Nacional de Ciencias Naturales, Colección de Aves: MNCN-Ornit
7 records from Museu de Ciències Naturals de Barcelona: MCNB-Tissue
7 records from AMNH Bird Collection
7 records from NMNH Extant Specimen Records
8 records from Macaulay Library Audio and Video Collection
10 records from Natural History Museum (London) Collection Specimens
13 records from Countryside Council for Wales - Welsh Peatland Invertebrate Survey (WPIS)
13 records from Natural History Museum Rotterdam (NL) - Insecta collection
14 records from The birds collection (ZO) of the Muséum national d&apos;Histoire Naturelle (MNHN - Paris)
15 records from Helgeland Museum, Lepidoptera
20 records from Clare Biological Records Centre dataset
28 records from Vertebrate Zoology Division - Ornithology, Yale Peabody Museum
30 records from Artròpodes d&apos;Andorra
32 records from Vertebrats d&apos;Andorra
36 records from Lepidoptera (Observations)
46 records from Museu de Ciències Naturals de Barcelona: MCNB-Cord
49 records from Kingfisher Survey 2010
49 records from Natural History Museum Rotterdam (NL) - Chordata collection
60 records from UWBM Ornithology Collection
70 records from Vegetation data from protected areas in Denmark (§ 3 in the Danish Nature Protection Act)
91 records from Invertebrate collection of Jyväskylä University Museum
93 records from BioFokus
94 records from Dataset of Passerine bird communities in a mediterranean high mountain (Sierra Nevada, Spain)
98 records from Birds of Ireland
103 records from Programa de seguimiento de mariposas diurnas del País Vasco
114 records from Ireland&apos;s BioBlitz
164 records from Lepidoptera collection of Hannu Saarenmaa
220 records from Bird collection
389 records from Banco de Datos de la Biodiversidad de la Comunitat Valenciana
513 records from Butterflies of County Waterford
788 records from ConDidact Citizen Science Surveys - Spiders 2004 Butterflies 2005
2039 records from Ringing Data from the Bird Migration Research Station, University of Gdańsk
3001 records from Butterflies of Ireland
3322 records from Ministerio de Medio Ambiente, y Medio Rural y Marino. Dirección General de Medio Natural y Política Forestal. Inventario Nacional de Biodiversidad 2007, Aves Reproductoras
3858 records from Butterflies - Irish Butterfly Monitoring Scheme
3872 records from Atlas Survey of the Butterflies of Denmark
10141 records from ABV - Common breeding birds in Flanders, Belgium
10210 records from Broedvogels - Atlas of the breeding birds in Flanders 2000-2002
69155 records from Vlinderdatabank - Butterflies in Flanders and the Brussels Capital Region, Belgium
82825 records from Waarnemingen.be - Butterfly occurrences in Flanders and the Brussels Capital Region, Belgium
88466 records from Bird Ringing Centre in Sweden (NRM)
254443 records from Artportalen (Swedish Species Observation System)
</para>
    </abstract>
      <contact>
    <individualName>
        <surName>GBIF Download Service</surName>
    </individualName>
<electronicMailAddress>support@gbif.org</electronicMailAddress>      </contact>

</dataset>

<additionalMetadata>
    <metadata>
      <gbif>
        <dateStamp>2018-01-30T10:07:40Z</dateStamp>
      <citation identifier="10.15468/dl.jp2mf1">GBIF Occurrence Download 10.15468/dl.jp2mf1</citation>
              <physical>
                  <objectName></objectName>
                  <characterEncoding>UTF-8</characterEncoding>
                  <dataFormat>
                      <externallyDefinedFormat>
                          <formatName>Darwin Core Archive</formatName>
                      </externallyDefinedFormat>
                  </dataFormat>
                  <distribution>
                      <online>
                          <url function="download">http://api.gbif.org/v1/occurrence/download/request/0015290-171219132708484.zip</url>
                      </online>
                  </distribution>
              </physical>
        </gbif>
    </metadata>
</additionalMetadata>

</eml:eml>
