<?xml version="1.0" encoding="utf-8"?>
<eml:eml xmlns:eml="eml://ecoinformatics.org/eml-2.1.1" xmlns:xsi="http://www.w3.org/2001/XMLSchema-instance"
         xsi:schemaLocation="eml://ecoinformatics.org/eml-2.1.1 http://rs.gbif.org/schema/eml-gbif-profile/1.1/eml.xsd"
        packageId="1d5c2b00-0c66-11dd-84d2-b8a03c50a862"  system="http://gbif.org" scope="system"
  xml:lang="en">

<dataset>
      <alternateIdentifier>doi:10.15468/ao0ljg</alternateIdentifier>
        <alternateIdentifier>http://www.gbif.se/ipt/resource?r=ognb-nrm</alternateIdentifier>
        <alternateIdentifier>http://www.gbif.se/ipt/resource.do?r=ognb-nrm</alternateIdentifier>
        <alternateIdentifier>1d5c2b00-0c66-11dd-84d2-b8a03c50a862</alternateIdentifier>
        <alternateIdentifier>1992</alternateIdentifier>
    <title>Lepidoptera (Observations)</title>
    <creator>
    <individualName>
<givenName>Anders</givenName>          <surName>Telenius</surName>
    </individualName>
<organizationName>Swedish Museum of Natural History</organizationName><positionName>Node manager</positionName>    <address>
<city>Stockholm</city><country>SWEDEN</country>    </address>
<electronicMailAddress>anders.telenius@nrm.se</electronicMailAddress>    </creator>
    <metadataProvider>
    <individualName>
<givenName>Manash</givenName>          <surName>Shah</surName>
    </individualName>
<organizationName>Swedish Museum of Natural History</organizationName><positionName>Database Developer</positionName>    <address>
<city>Stockholm</city><country>SWEDEN</country>    </address>
<electronicMailAddress>manash.shah@nrm.se</electronicMailAddress>    </metadataProvider>
    <associatedParty>
    <individualName>
<givenName>Manash</givenName>          <surName>Shah</surName>
    </individualName>
<organizationName>Swedish Museum of Natural History</organizationName><positionName>Database Developer</positionName>    <address>
<city>Stockholm</city><country>SWEDEN</country>    </address>
<electronicMailAddress>manash.shah@nrm.se</electronicMailAddress>    <role>USER</role>
    </associatedParty>
      <pubDate>
      2016-01-05
      </pubDate>
    <language>ENGLISH</language>
    <abstract>
        <para>This database contains observation data of Lepidoptera at the Entomology Department, Swedish Museum of Natural History.</para>
    </abstract>
        <keywordSet>
              <keyword>Occurrence</keyword>
              <keywordThesaurus>GBIF Dataset Type Vocabulary: http://rs.gbif.org/vocabulary/gbif/dataset_type.xml</keywordThesaurus>
        </keywordSet>
        <keywordSet>
              <keyword>Observation</keyword>
              <keywordThesaurus>GBIF Dataset Subtype Vocabulary: http://rs.gbif.org/vocabulary/gbif/dataset_subtype.xml</keywordThesaurus>
        </keywordSet>
      <intellectualRights>
        <para>To the extent possible under law, the publisher has waived all rights to these data and has dedicated them to the <ulink url="http://creativecommons.org/publicdomain/zero/1.0/legalcode"><citetitle>Public Domain (CC0 1.0)</citetitle></ulink>. Users may copy, modify, distribute and use the work, including for commercial purposes, without restriction.</para>
      </intellectualRights>
      <contact>
    <individualName>
<givenName>Anders</givenName>          <surName>Telenius</surName>
    </individualName>
<organizationName>Swedish Museum of Natural History</organizationName><positionName>Node manager</positionName>    <address>
<city>Stockholm</city><country>SWEDEN</country>    </address>
<electronicMailAddress>anders.telenius@nrm.se</electronicMailAddress>      </contact>

</dataset>

<additionalMetadata>
    <metadata>
      <gbif>
        <dateStamp>2018-01-30T10:07:34Z</dateStamp>
      <citation>Telenius A, Shah M (2016). Lepidoptera (Observations). GBIF-Sweden. Occurrence Dataset https://doi.org/10.15468/ao0ljg accessed via GBIF.org on 2018-01-30.</citation>
        </gbif>
    </metadata>
</additionalMetadata>

</eml:eml>
