<?xml version="1.0" encoding="utf-8"?>
<eml:eml xmlns:eml="eml://ecoinformatics.org/eml-2.1.1" xmlns:xsi="http://www.w3.org/2001/XMLSchema-instance"
         xsi:schemaLocation="eml://ecoinformatics.org/eml-2.1.1 http://rs.gbif.org/schema/eml-gbif-profile/1.1/eml.xsd"
        packageId="635f7b02-f762-11e1-a439-00145eb45e9a"  system="http://gbif.org" scope="system"
  xml:lang="en">

<dataset>
      <alternateIdentifier>doi:10.15468/ytmnyf</alternateIdentifier>
        <alternateIdentifier>3366</alternateIdentifier>
    <title>Ministerio de Medio Ambiente, y Medio Rural y Marino. Dirección General de Medio Natural y Política Forestal. Inventario Nacional de Biodiversidad 2007, Aves Reproductoras</title>
    <associatedParty>
    <individualName>
          <surName>Ricardo Gómez Calmaestra</surName>
    </individualName>
<phone>34 91 7493866</phone><electronicMailAddress>RGCalmaestra@mma.es</electronicMailAddress>    <role>TECHNICAL_POINT_OF_CONTACT</role>
    </associatedParty>
    <language>en</language>
    <abstract>
        <para>La información de esta base de datos está actualizada a enero de 2007. Base de datos de Aves Reproductoras del Inventario Nacional de Biodiversidad, iniciativa del Ministerio de Medio Ambiente, y Medio Rural y Marino desarrollado a través de la Dirección General de Medio Natural y Política Forestal. A través de esta iniciativa, España da cumplimiento al artículo 7 del Convenio de Diversidad Biológica (ratificado por España en 1993), que indica la necesidad de la inventariación y el seguimiento de la biodiversidad, así como el mantenimiento de la información resultante. Las bases de datos se actualizan periódicamente como consecuencia de los proyectos de seguimiento de los diferentes grupos taxonómicos, y en las mismas se van introduciendo los nuevos grupos taxonómicos tratados. El objetivo final es contar con la información corológica y del estado de conservación de cada taxón actualizada, así como la obtención de indicadores que muestren las tendencias poblacionales. Las bases de datos del Inventario Nacional de Biodiversidad constituyen la información nacional utilizada para la elaboración de los correspondientes Atlas y Libros Rojos para cada grupo taxonómico. La escala utilizada es la cuadrícula UTM de 10x10 km, referida a todo el territorio insular y peninsular español. Los datos se muestran también para las hojas 1:50.000 de la cartografía nacional, para las provincias y para las comunidades autónomas.</para>
    </abstract>
      <intellectualRights>
        <para>This work is licensed under a <ulink url="http://creativecommons.org/licenses/by-nc/4.0/legalcode"><citetitle>Creative Commons Attribution Non Commercial (CC-BY-NC) 4.0 License</citetitle></ulink>.</para>
      </intellectualRights>
      <distribution scope="document">
          <online>
              <url function="information">http://www.mma.es/portal/secciones/biodiversidad/inventarios/inb/</url>
          </online>
      </distribution>
      <contact>
    <individualName>
          <surName>Blanca Ruiz Franco</surName>
    </individualName>
<phone>34 91 7493965</phone><electronicMailAddress>brfranco@mma.es</electronicMailAddress>      </contact>
      <contact>
    <individualName>
          <surName>Roberto Vallejo Bombín</surName>
    </individualName>
<phone>34 91 7493619</phone><electronicMailAddress>rvallejo@mma.es</electronicMailAddress>      </contact>

</dataset>

<additionalMetadata>
    <metadata>
      <gbif>
        <dateStamp>2018-01-30T10:07:38Z</dateStamp>
      <citation>Ministry of Agriculture, Food and Environment. Ministerio de Medio Ambiente, y Medio Rural y Marino. Dirección General de Medio Natural y Política Forestal. Inventario Nacional de Biodiversidad 2007, Aves Reproductoras. Occurrence Dataset https://doi.org/10.15468/ytmnyf accessed via GBIF.org on 2018-01-30.</citation>
        </gbif>
    </metadata>
</additionalMetadata>

</eml:eml>
