<?xml version="1.0" encoding="utf-8"?>
<eml:eml xmlns:eml="eml://ecoinformatics.org/eml-2.1.1" xmlns:xsi="http://www.w3.org/2001/XMLSchema-instance"
         xsi:schemaLocation="eml://ecoinformatics.org/eml-2.1.1 http://rs.gbif.org/schema/eml-gbif-profile/1.1/eml.xsd"
        packageId="7888f666-f59e-4534-8478-3a10a3bfee45"  system="http://gbif.org" scope="system"
  xml:lang="en">

<dataset>
      <alternateIdentifier>doi:10.15468/njgbmh</alternateIdentifier>
        <alternateIdentifier>7888f666-f59e-4534-8478-3a10a3bfee45</alternateIdentifier>
        <alternateIdentifier>http://data.inbo.be/ipt/resource?r=dagvlinders-inbo-occurrences</alternateIdentifier>
    <title>Vlinderdatabank - Butterflies in Flanders and the Brussels Capital Region, Belgium</title>
    <creator>
    <individualName>
<givenName>Dirk</givenName>          <surName>Maes</surName>
    </individualName>
<organizationName>Research Institute for Nature and Forest (INBO)</organizationName><positionName>Researcher</positionName>    <address>
<deliveryPoint>Kliniekstraat 25</deliveryPoint><city>Brussels</city><administrativeArea>Brussels Capital Region</administrativeArea><postalCode>1070</postalCode><country>BELGIUM</country>    </address>
<electronicMailAddress>dirk.maes@inbo.be</electronicMailAddress>      <userId directory="http://www.researcherid.com/rid/">B-1819-2009</userId>
    </creator>
    <creator>
    <individualName>
<givenName>Dimitri</givenName>          <surName>Brosens</surName>
    </individualName>
<organizationName>Research Institute for Nature and Forest (INBO)</organizationName><positionName>Data liaison officer</positionName>    <address>
<deliveryPoint>Kliniekstraat 25</deliveryPoint><city>Brussels</city><administrativeArea>Brussels Capital Region</administrativeArea><postalCode>1070</postalCode><country>BELGIUM</country>    </address>
<electronicMailAddress>dimitri.brosens@inbo.be</electronicMailAddress><onlineUrl>http://www.biodiversity.be</onlineUrl>      <userId directory="http://orcid.org/">0000-0002-0846-9116</userId>
    </creator>
    <creator>
    <individualName>
<givenName>Olivier</givenName>          <surName>Beck</surName>
    </individualName>
<organizationName>Leefmilieu Brussels (BIM) / Bruxelles Environnement (IBGE)</organizationName><positionName>Verantwoordelijke soortenbeleid</positionName>    <address>
<deliveryPoint>Thurn &amp; Taxis-site, Havenlaan 86C/3000</deliveryPoint><city>Brussels</city><administrativeArea>Brussels Capital Region</administrativeArea><postalCode>1000</postalCode><country>BELGIUM</country>    </address>
<electronicMailAddress>obeck@leefmilieu.brussels</electronicMailAddress><onlineUrl>http://www.leefmilieu.brussels/</onlineUrl>    </creator>
    <creator>
    <individualName>
<givenName>Hans</givenName>          <surName>Van Dyck</surName>
    </individualName>
<organizationName>Université catholique de Louvain (UCL)</organizationName>    <address>
<deliveryPoint>Biodiversity Research Centre, Croix du Sud 4-5, bte L7.07.04</deliveryPoint><city>Louvain-la-Neuve</city><administrativeArea>Walloon Brabant</administrativeArea><postalCode>1348</postalCode><country>BELGIUM</country>    </address>
<electronicMailAddress>hans.vandyck@uclouvain.be</electronicMailAddress><onlineUrl>https://www.uclouvain.be/en-bdiv.html</onlineUrl>    </creator>
    <creator>
    <individualName>
<givenName>Peter</givenName>          <surName>Desmet</surName>
    </individualName>
<organizationName>Research Institute for Nature and Forest (INBO)</organizationName><positionName>LifeWatch project coordinator</positionName>    <address>
<deliveryPoint>Kliniekstraat 25</deliveryPoint><city>Brussels</city><administrativeArea>Brussels Capital Region</administrativeArea><postalCode>1070</postalCode><country>BELGIUM</country>    </address>
<electronicMailAddress>peter.desmet@inbo.be</electronicMailAddress><onlineUrl>http://lifewatch.inbo.be</onlineUrl>      <userId directory="http://orcid.org/">0000-0002-8442-8025</userId>
    </creator>
    <creator>
<organizationName>Vlinderwerkgroep Natuurpunt</organizationName><electronicMailAddress>vlinders@natuurpunt.be</electronicMailAddress><onlineUrl>http://www.natuurpunt.be/vlinderwerkgroep</onlineUrl>    </creator>
    <creator>
<organizationName>all butterfly recorders</organizationName><onlineUrl>http://www.waarnemingen.be</onlineUrl>    </creator>
    <metadataProvider>
    <individualName>
<givenName>Dirk</givenName>          <surName>Maes</surName>
    </individualName>
<organizationName>Research Institute for Nature and Forest (INBO)</organizationName><positionName>Researcher</positionName>    <address>
<deliveryPoint>Kliniekstraat 25</deliveryPoint><city>Brussels</city><administrativeArea>Brussels Capital Region</administrativeArea><postalCode>1070</postalCode><country>BELGIUM</country>    </address>
<electronicMailAddress>dirk.maes@inbo.be</electronicMailAddress>      <userId directory="http://www.researcherid.com/rid/">B-1819-2009</userId>
    </metadataProvider>
    <metadataProvider>
    <individualName>
<givenName>Peter</givenName>          <surName>Desmet</surName>
    </individualName>
<organizationName>Research Institute for Nature and Forest (INBO)</organizationName><positionName>LifeWatch project coordinator</positionName>    <address>
<deliveryPoint>Kliniekstraat 25</deliveryPoint><city>Brussels</city><administrativeArea>Brussels Capital Region</administrativeArea><postalCode>1070</postalCode><country>BELGIUM</country>    </address>
<electronicMailAddress>peter.desmet@inbo.be</electronicMailAddress><onlineUrl>http://lifewatch.inbo.be</onlineUrl>      <userId directory="http://orcid.org/">0000-0002-8442-8025</userId>
    </metadataProvider>
      <pubDate>
      2017-02-01
      </pubDate>
    <language>ENGLISH</language>
    <abstract>
        <para>Vlinderdatabank - Butterflies in Flanders and the Brussels Capital Region, Belgium is a species occurrence dataset published by the Research Institute for Nature and Forest (INBO) and described in Maes et al. 2016 (https://doi.org/10.3897/zookeys.585.8019). The dataset contains over 761.000 butterfly occurrences of 70 species, compiled by the INBO in cooperation with the Butterfly working group of Natuurpunt (Vlinderwerkgroep). The occurrences are georeferenced using the centroid of their respective 5 x 5 km² Universal Transverse Mercator (UTM) grid cell and are derived from the database Vlinderdatabank at the INBO, which consists of (historical) collection and literature data (1830-2001), for which all butterfly specimens in institutional and available personal collections were digitized and all entomological and other relevant publications were checked for butterfly distribution data. It also contains observations and monitoring data for the period 1991-2014. The latter type were collected by a (small) butterfly monitoring network where butterflies were recorded using a standardized protocol. Together with the dataset Vanreusel et al. (2016, https://doi.org/10.15468/ezfbee), the dataset represents the most complete overview of butterflies in Flanders and the Brussels Capital Region (north Belgium).
Information withheld: in the original database, the observer’s name and the exact XY-coordinates are known.
To allow anyone to use this dataset, we have released the data to the public domain under a Creative Commons Zero waiver (http://creativecommons.org/publicdomain/zero/1.0/). We would appreciate however, if you read and follow these norms for data use (http://www.inbo.be/en/norms-for-data-use) and provide a link to the original dataset (https://doi.org/10.15468/njgbmh) whenever possible. If you use these data for a scientific paper, please cite the dataset following the applicable citation norms and/or consider us for co-authorship. We are always interested to know how you have used or visualized the data, or to provide more information, so please contact us via the contact information provided in the metadata, opendata&amp;#64;inbo.be or https://twitter.com/LifeWatchINBO.</para>
    </abstract>
        <keywordSet>
              <keyword>Occurrence</keyword>
              <keywordThesaurus>GBIF Dataset Type Vocabulary: http://rs.gbif.org/vocabulary/gbif/dataset_type.xml</keywordThesaurus>
        </keywordSet>
        <keywordSet>
              <keyword>literature</keyword>
              <keyword>butterflies</keyword>
              <keyword>Lepidoptera</keyword>
              <keyword>observations</keyword>
              <keyword>citizen science</keyword>
              <keyword>collection</keyword>
              <keyword>distribution</keyword>
              <keyword>monitoring</keyword>
              <keywordThesaurus>n/a</keywordThesaurus>
        </keywordSet>
      <additionalInfo>
          <para>To allow anyone to use this dataset, we have released the data to the public domain under a Creative Commons Zero waiver (http://creativecommons.org/publicdomain/zero/1.0/). We would appreciate however, if you read and follow these norms for data use (http://www.inbo.be/en/norms-for-data-use) and provide a link to the original dataset (http://doi.org/10.15468/njgbmh) whenever possible. If you use these data for a scientific paper, please cite the dataset following the applicable citation norms and/or consider us for co-authorship. We are always interested to know how you have used or visualized the data, or to provide more information, so please contact us via the contact information provided in the metadata, opendata@inbo.be or https://twitter.com/LifeWatchINBO.

Information withheld: in the original database, the observer’s name and the exact XY-coordinates are known.</para>
      </additionalInfo>
      <intellectualRights>
        <para>To the extent possible under law, the publisher has waived all rights to these data and has dedicated them to the <ulink url="http://creativecommons.org/publicdomain/zero/1.0/legalcode"><citetitle>Public Domain (CC0 1.0)</citetitle></ulink>. Users may copy, modify, distribute and use the work, including for commercial purposes, without restriction.</para>
      </intellectualRights>
      <distribution scope="document">
          <online>
              <url function="information">http://vlinders.inbo.be/</url>
          </online>
      </distribution>
      <coverage>
            <geographicCoverage>
                  <geographicDescription>Flanders and the Brussels Capital Region. These regions cover an area of 13,522 km² and 162 km² respectively (13,684 km² in total). This area is situated in the northern of Belgium and represents 45% of the Belgian territory. Flanders is largely covered by agricultural land and urban areas while the Brussels Capital Region is mainly urban. All occurrence data were recorded or are generalized to grid cells of 5 x 5 km² of the Universal Transverse Mercator (UTM) coordinate system, with the grid codes indicated in the field verbatimCoordinates. The WGS84 centroids of these grid cells are calculated in decimalLatitude/Longitude with a coordinateUncertaintyInMeters of 3,769 meters using Wieczorek et al. 2004.</geographicDescription>
                  <boundingCoordinates>
                      <westBoundingCoordinate>2.54</westBoundingCoordinate>
                      <eastBoundingCoordinate>5.92</eastBoundingCoordinate>
                      <northBoundingCoordinate>51.51</northBoundingCoordinate>
                      <southBoundingCoordinate>50.68</southBoundingCoordinate>
                  </boundingCoordinates>
            </geographicCoverage>
          <temporalCoverage>
            <rangeOfDates>
              <beginDate>
                <calendarDate>      1830-01-01
</calendarDate>
              </beginDate>
              <endDate>
                <calendarDate>      2014-10-20
</calendarDate>
              </endDate>
            </rangeOfDates>
          </temporalCoverage>
              <taxonomicCoverage>
                    <generalTaxonomicCoverage>The dataset covers all 67 indigenous and 3 regular migrant butterfly species (Colias croceus, C. hyale, Vanessa cardui, V. atalanta). Vagrant or doubtful species (Apatura ilia, Arethusana arethusa, Boloria dia, Brenthis ino, Coenonympha arcania, Colias alfacariensis, C. palaeno, Cupido argiades, Danaus plexippus, Erebia aethiops, E. ligea, E. medusa, Hamearis lucina, Iphiclides podalirius, Lampides boeticus, Lasiommata maera, Limenitis populi, L. reducta, Lycaena dispar, L. helle, L. hippothoe, L. virgaureae, Melitaea aurelia, Pontia daplidice) and introduced species (Cacyreus marshalli and Polyommatus damon) were excluded because no evidence of the observation was available. Nomenclature is according to Fauna Europaea (http://www.faunaeur.org/full_results.php?id=7).</generalTaxonomicCoverage>
                    <taxonomicClassification>
                          <taxonRankName>Kingdom</taxonRankName>
                        <taxonRankValue>Animalia</taxonRankValue>
                          <commonName>animals</commonName>
                    </taxonomicClassification>
                    <taxonomicClassification>
                          <taxonRankName>Phylum</taxonRankName>
                        <taxonRankValue>Arthropoda</taxonRankValue>
                    </taxonomicClassification>
                    <taxonomicClassification>
                          <taxonRankName>Class</taxonRankName>
                        <taxonRankValue>Insecta</taxonRankValue>
                          <commonName>insects</commonName>
                    </taxonomicClassification>
                    <taxonomicClassification>
                          <taxonRankName>Order</taxonRankName>
                        <taxonRankValue>Lepidoptera</taxonRankValue>
                          <commonName>moths &amp; butterflies</commonName>
                    </taxonomicClassification>
                    <taxonomicClassification>
                          <taxonRankName>Family</taxonRankName>
                        <taxonRankValue>Hesperiidae</taxonRankValue>
                    </taxonomicClassification>
                    <taxonomicClassification>
                          <taxonRankName>Family</taxonRankName>
                        <taxonRankValue>Lycaenidae</taxonRankValue>
                    </taxonomicClassification>
                    <taxonomicClassification>
                          <taxonRankName>Family</taxonRankName>
                        <taxonRankValue>Nymphalidae</taxonRankValue>
                    </taxonomicClassification>
                    <taxonomicClassification>
                          <taxonRankName>Family</taxonRankName>
                        <taxonRankValue>Papilionidae</taxonRankValue>
                    </taxonomicClassification>
                    <taxonomicClassification>
                          <taxonRankName>Family</taxonRankName>
                        <taxonRankValue>Pieridae</taxonRankValue>
                    </taxonomicClassification>
              </taxonomicCoverage>
      </coverage>
      <purpose>
          <para>Butterflies are among the best studied insects in the world and have always attracted the attention of both professional researchers, amateur naturalists, butterfly collectors, and the wider public (Kühn et al. 2008). Butterflies are widely considered as interesting study systems for ecology, evolution, behaviour, and conservation biology (e.g., Watt and Boggs 2003). Many butterflies have been collected and subsequently stored in museum or private collections. Furthermore, entomologists have often published lists of observed species during excursions to special habitats or have made overviews of regional or national butterfly faunas. In Belgium, entomology in general and lepidopterology in particular, have a long tradition with the first faunas already published only seven years after its independence in 1830 (De Selys-Longchamps 1837). Since then, several authors have updated the Belgian butterfly fauna based on collections or observations (e.g., Hackray et al. 1969; De Prins 1998). In 1991, the youth and nature organization Jeugdbond voor Natuur en Milieu (JNM) launched a butterfly project with the aim to publish a distribution atlas of the butterflies of Flanders, north Belgium (Daniëls 1991). To do so, a first step consisted of collecting all historical collection and literature data. Secondly, a working group was organised in cooperation between JNM, De Wielewaal (which later became Natuurpunt) and the INBO that set up a citizen science project to obtain as many butterfly observations with a good spatial coverage over Flanders. The data gathered during this project (period 1991-1998) were used to compile a first Red List (Maes and Van Dyck 1996) and a distribution atlas of butterflies in Flanders, including the Brussels Capital Region (Maes and Van Dyck 1999). Recently, both the Red List (Maes et al. 2012) and the distribution atlas (Maes et al. 2013) were updated using recent distribution data recorded through www.waarnemingen.be, a data portal launched by Natuurpunt, the largest nature conservation NGO in Belgium, where citizen-scientists can store and keep track of their recordings. Here, we publish both the historical and the more recent data used for the Red List and the distribution atlases as a data paper on a UTM grid cell resolution of 5 x 5 km².</para>
      </purpose>
      <maintenance>
          <description>
              <para></para>
          </description>
          <maintenanceUpdateFrequency>annually</maintenanceUpdateFrequency>
      </maintenance>
      <contact>
    <individualName>
<givenName>Dirk</givenName>          <surName>Maes</surName>
    </individualName>
<organizationName>Research Institute for Nature and Forest (INBO)</organizationName><positionName>Researcher</positionName>    <address>
<deliveryPoint>Kliniekstraat 25</deliveryPoint><city>Brussels</city><administrativeArea>Brussels Capital Region</administrativeArea><postalCode>1070</postalCode><country>BELGIUM</country>    </address>
<electronicMailAddress>dirk.maes@inbo.be</electronicMailAddress>      <userId directory="http://www.researcherid.com/rid/">B-1819-2009</userId>
      </contact>
      <methods>
            <methodStep>
                <description>
                    <para>Not provided.</para>
                </description>
            </methodStep>
            <sampling>
                <studyExtent>
                    <description>
                        <para>See geographic coverage.</para>
                    </description>
                </studyExtent>
                <samplingDescription>
                    <para>Butterfly distribution data were collected in four different ways: i) collection data, ii) literature data, iii) monitoring transect data and iv) observations.

- Collection data were digitised from the following museum collections: Bosmuseum Groenendaal, Royal Institute for Natural Sciences (Brussels), Agricultural Faculty of Gembloux, Ghent university and the Antwerp Zoo. Furthermore, the private butterfly collections of the following people were also incorporated into the INBO dataset: A. Artoisenet, R. Bracke, A. Caljon, S. Cuvelier, A. De Boer, K. Desender, P. Halflants, D. Hilven, J. &amp; T. Jaeken, M. Keirens, H. Kinders, P. &amp; W. Pardon, W. Tips, W. Troukens, F. Turelinckx, O. Van De Kerckhove, R. Van Heuverswijn, B. Vandepitte, J. Vervaeke &amp; R. Winnen. The source collection is indicated in the field associatedReferences.
- Published observations were searched for in different literature sources and indicated in the field associatedReferences. Since most of the records in collections and in the literature were only reported at the municipality level, the UTM 5 x 5 km² UTM grid cell of the centre of the municipality was attributed to the record.
- Butterfly monitoring counts were conducted along fixed transects of maximum 1 km, consisting of smaller sections, each with a homogeneous habitat (e.g., woodland, hay meadow, dry heathland – see van Swaay et al. 2008; van Swaay et al. 2011 for a detailed description of the monitoring method).
- Observations (species, date, location, observer) were recorded by volunteers/citizen scientists (mainly for the period 1991-2007, usually with a resolution of 1 x 1 km² or 5 x 5 km²).</para>
                </samplingDescription>
            </sampling>
            <qualityControl>
                <description>
                    <para>All data were carefully verified by butterfly experts (including professional entomologists). The validation status is indicated in the field identificationVerificationStatus.</para>
                </description>
            </qualityControl>
      </methods>

</dataset>

<additionalMetadata>
    <metadata>
      <gbif>
        <dateStamp>2018-01-30T10:07:37Z</dateStamp>
      <citation identifier="http://doi.org/10.15468/njgbmh">Maes D, Brosens D, Beck O, Van Dyck H, Desmet P (2017). Vlinderdatabank - Butterflies in Flanders and the Brussels Capital Region, Belgium. Version 1.4. Research Institute for Nature and Forest (INBO). Occurrence Dataset https://doi.org/10.15468/njgbmh accessed via GBIF.org on 2018-01-30.</citation>
              <bibliography>
      <citation identifier="http://doi.org/10.3897/zookeys.585.8019">Maes D, Vanreusel W, Herremans M, Vantieghem P, Brosens D, Gielen K, Beck O, Van Dyck H, Desmet P, Vlinderwerkgroep Natuurpunt (2016) A database on the distribution of butterflies (Lepidoptera) in northern Belgium (Flanders and the Brussels Capital Region). ZooKeys 585: 143-156. doi: 10.3897/zookeys.585.8019</citation>
      <citation>Daniëls L (1991). JNM-Dagvlinderprojekt. Euglena, 10: 26-27.</citation>
      <citation>De Prins W (1998). Catalogue of the Lepidoptera of Belgium, Koninklijk Belgisch Instituut voor Natuurwetenschappen, Brussel, 235 pp.</citation>
      <citation>De Selys-Longchamps E (1837). Catalogue des Lepidoptères ou Papillons de la Belgique. Luik. 14-21.</citation>
      <citation>Hackray J, Sarlet L, Berger L (1969). Catalogue des macrolépidoptères de Belgique. Lambillionea (suppl.), 67: 1-256.</citation>
      <citation identifier="http://doi.org/10.1560/IJEE.54.1.89">Kühn E, Feldmann R, Harpke A, Hirneisen N, Musche M, Leopold P, Settele J (2008). Getting the public involved in butterfly conservation: Lessons learned from a new monitoring scheme in Germany. Israel Journal of Ecology &amp; Evolution, 54: 89-103. doi: 10.1560/IJEE.54.1.89</citation>
      <citation>Maes D, Van Dyck H (1996). Een gedocumenteerde Rode lijst van de dagvlinders van Vlaanderen, Mededelingen van het Instituut voor Natuurbehoud Instituut voor Natuurbehoud, Brussel, 154 pp.</citation>
      <citation>Maes D, Van Dyck H (1999). Dagvlinders in Vlaanderen - Ecologie, verspreiding en behoud, Stichting Leefmilieu i.s.m. Instituut voor Natuurbehoud en Vlaamse Vlinderwerkgroep, Antwerpen/Brussel, 480 pp.</citation>
      <citation identifier="http://doi.org/10.1016/j.biocon.2011.11.021">Maes D, Vanreusel W, Jacobs I, Berwaerts K, Van Dyck H (2012). Applying IUCN Red List criteria at a small regional level: A test case with butterflies in Flanders (north Belgium). Biological Conservation, 145: 258-266. doi: 10.1016/j.biocon.2011.11.021</citation>
      <citation>Maes D, Vanreusel W, Van Dyck H (2013). Dagvlinders in Vlaanderen: nieuwe kennis voor betere actie, Uitgeverij Lannoo nv, Tielt, 542 pp.</citation>
      <citation identifier="http://doi.org/10.1007/s10531-008-9491-4">van Swaay CAM, Nowicki P, Settele J, van Strien AJ (2008). Butterfly monitoring in Europe: methods, applications and perspectives. Biodiversity and Conservation, 17: 3455-3469. doi: 10.1007/s10531-008-9491-4</citation>
      <citation>van Swaay CAM, Termaat T, Plate CL (2011). Handleiding Landelijke Meetnetten Vlinders en Libellen, Rapport VS2011.001. De Vlinderstichting &amp; Centraal Bureau voor de Statistiek, Wageningen/Den Haag, 27 pp.</citation>
      <citation identifier="http://doi.org/10.15468/ezfbee">Vanreusel W, Herremans M, Vantieghem P, Gielen K, Vlinderwerkgroep Natuurpunt, all butterfly recorders (2016): Waarnemingen.be - Butterfly occurrences in Flanders and the Brussels Capital Region, Belgium. Natuurpunt. Dataset/Occurrence. http://doi.org/10.15468/ezfbee Data paper: http://doi.org/10.3897/zookeys.585.8019</citation>
      <citation identifier="http://doi.org/10.1080/13658810412331280211">Wieczorek J, Guo QG, Hijmans RJ (2004). The point-radius method for georeferencing locality descriptions and calculating associated uncertainty. International Journal of Geographical Information Science, 18: 745-767. doi: 10.1080/13658810412331280211</citation>
              </bibliography>
              <resourceLogoUrl>http://data.inbo.be/ipt/logo.do?r=dagvlinders-inbo-occurrences</resourceLogoUrl>
        </gbif>
    </metadata>
</additionalMetadata>

</eml:eml>
