<?xml version="1.0" encoding="utf-8"?>
<eml:eml xmlns:eml="eml://ecoinformatics.org/eml-2.1.1" xmlns:xsi="http://www.w3.org/2001/XMLSchema-instance"
         xsi:schemaLocation="eml://ecoinformatics.org/eml-2.1.1 http://rs.gbif.org/schema/eml-gbif-profile/1.1/eml.xsd"
        packageId="81c5a091-6e94-40db-a2a4-48f4de42d410"  system="http://gbif.org" scope="system"
  xml:lang="en">

<dataset>
      <alternateIdentifier>doi:10.15468/sccg5a</alternateIdentifier>
        <alternateIdentifier>81c5a091-6e94-40db-a2a4-48f4de42d410</alternateIdentifier>
        <alternateIdentifier>http://data.inbo.be/ipt/resource?r=broedvogel-atlas-occurrences</alternateIdentifier>
    <title>Broedvogels - Atlas of the breeding birds in Flanders 2000-2002</title>
    <creator>
    <individualName>
<givenName>Glenn</givenName>          <surName>Vermeersch</surName>
    </individualName>
<organizationName>Research Institute for Nature and Forest (INBO)</organizationName><positionName>Researcher</positionName>    <address>
<deliveryPoint>Kliniekstraat 25</deliveryPoint><city>Brussels</city><administrativeArea>Brussels Capital Region</administrativeArea><postalCode>1070</postalCode><country>BELGIUM</country>    </address>
<electronicMailAddress>glenn.vermeersch@inbo.be</electronicMailAddress>    </creator>
    <creator>
    <individualName>
<givenName>Anny</givenName>          <surName>Anselin</surName>
    </individualName>
<organizationName>Research Institute for Nature and Forest (INBO)</organizationName><positionName>Researcher</positionName>    <address>
<deliveryPoint>Kliniekstraat 25</deliveryPoint><city>Brussels</city><administrativeArea>Brussels Capital Region</administrativeArea><postalCode>1070</postalCode><country>BELGIUM</country>    </address>
<electronicMailAddress>anny.anselin@inbo.be</electronicMailAddress>    </creator>
    <creator>
    <individualName>
<givenName>Koen</givenName>          <surName>Devos</surName>
    </individualName>
<organizationName>Research Institute for Nature and Forest (INBO)</organizationName><positionName>Researcher</positionName>    <address>
<deliveryPoint>Kliniekstraat 25</deliveryPoint><city>Brussels</city><administrativeArea>Brussels Capital Region</administrativeArea><postalCode>1070</postalCode><country>BELGIUM</country>    </address>
<electronicMailAddress>koen.devos@inbo.be</electronicMailAddress>    </creator>
    <creator>
    <individualName>
<givenName>Marc</givenName>          <surName>Herremans</surName>
    </individualName>
<organizationName>Natuurpunt</organizationName><positionName>Diensthoofd Studie</positionName>    <address>
<deliveryPoint>Coxiestraat 11</deliveryPoint><city>Mechelen</city><administrativeArea>Antwerp</administrativeArea><postalCode>2800</postalCode><country>BELGIUM</country>    </address>
<electronicMailAddress>marc.herremans@natuurpunt.be</electronicMailAddress><onlineUrl>http://www.natuurpunt.be</onlineUrl>    </creator>
    <creator>
    <individualName>
<givenName>Jan</givenName>          <surName>Stevens</surName>
    </individualName>
<organizationName>Limburgse Koepel voor Natuurstudie, Vogelwerkgroep</organizationName>    <address>
<deliveryPoint>Provinciaal Natuurcentrum, Craenevenne 86</deliveryPoint><city>Genk</city><administrativeArea>Limburg</administrativeArea><postalCode>3600</postalCode><country>BELGIUM</country>    </address>
    </creator>
    <creator>
    <individualName>
<givenName>Jan</givenName>          <surName>Gabriëls</surName>
    </individualName>
<organizationName>Limburgse Koepel voor Natuurstudie, Vogelwerkgroep</organizationName><positionName>Coordinator</positionName>    <address>
<deliveryPoint>Provinciaal Natuurcentrum, Craenevenne 86</deliveryPoint><city>Genk</city><administrativeArea>Limburg</administrativeArea><postalCode>3600</postalCode><country>BELGIUM</country>    </address>
    </creator>
    <creator>
    <individualName>
<givenName>Bert</givenName>          <surName>Van Der Krieken</surName>
    </individualName>
<organizationName>Natuurpunt</organizationName>    <address>
<deliveryPoint>Coxiestraat 11</deliveryPoint><city>Mechelen</city><administrativeArea>Antwerp</administrativeArea><postalCode>2800</postalCode><country>BELGIUM</country>    </address>
<onlineUrl>http://www.natuurpunt.be</onlineUrl>    </creator>
    <creator>
    <individualName>
<givenName>Dimitri</givenName>          <surName>Brosens</surName>
    </individualName>
<organizationName>Research Institute for Nature and Forest (INBO)</organizationName><positionName>Data liaison officer</positionName>    <address>
<deliveryPoint>Kliniekstraat 25</deliveryPoint><city>Brussels</city><administrativeArea>Brussels Capital Region</administrativeArea><postalCode>1070</postalCode><country>BELGIUM</country>    </address>
<electronicMailAddress>dimitri.brosens@inbo.be</electronicMailAddress><onlineUrl>http://www.biodiversity.be</onlineUrl>      <userId directory="http://orcid.org/">0000-0002-0846-9116</userId>
    </creator>
    <creator>
    <individualName>
<givenName>Peter</givenName>          <surName>Desmet</surName>
    </individualName>
<organizationName>Research Institute for Nature and Forest (INBO)</organizationName><positionName>LifeWatch team coordinator</positionName>    <address>
<deliveryPoint>Kliniekstraat 25</deliveryPoint><city>Brussels</city><administrativeArea>Brussels Capital Region</administrativeArea><postalCode>1070</postalCode><country>BELGIUM</country>    </address>
<electronicMailAddress>peter.desmet@inbo.be</electronicMailAddress><onlineUrl>http://lifewatch.inbo.be</onlineUrl>      <userId directory="http://orcid.org/">0000-0002-8442-8025</userId>
    </creator>
    <metadataProvider>
    <individualName>
<givenName>Glenn</givenName>          <surName>Vermeersch</surName>
    </individualName>
<organizationName>Research Institute for Nature and Forest (INBO)</organizationName><positionName>Researcher</positionName>    <address>
<deliveryPoint>Kliniekstraat 25</deliveryPoint><city>Brussels</city><administrativeArea>Brussels Capital Region</administrativeArea><postalCode>1070</postalCode><country>BELGIUM</country>    </address>
<electronicMailAddress>glenn.vermeersch@inbo.be</electronicMailAddress>    </metadataProvider>
    <metadataProvider>
    <individualName>
<givenName>Dimitri</givenName>          <surName>Brosens</surName>
    </individualName>
<organizationName>Research Institute for Nature and Forest (INBO)</organizationName><positionName>Data liaison officer</positionName>    <address>
<deliveryPoint>Kliniekstraat 25</deliveryPoint><city>Brussels</city><administrativeArea>Brussels Capital Region</administrativeArea><postalCode>1070</postalCode><country>BELGIUM</country>    </address>
<electronicMailAddress>dimitri.brosens@inbo.be</electronicMailAddress><onlineUrl>http://www.biodiversity.be</onlineUrl>      <userId directory="http://orcid.org/">0000-0002-0846-9116</userId>
    </metadataProvider>
    <metadataProvider>
    <individualName>
<givenName>Peter</givenName>          <surName>Desmet</surName>
    </individualName>
<organizationName>Research Institute for Nature and Forest (INBO)</organizationName><positionName>LifeWatch team coordinator</positionName>    <address>
<deliveryPoint>Kliniekstraat 25</deliveryPoint><city>Brussels</city><administrativeArea>Brussels Capital Region</administrativeArea><postalCode>1070</postalCode><country>BELGIUM</country>    </address>
<electronicMailAddress>peter.desmet@inbo.be</electronicMailAddress><onlineUrl>http://lifewatch.inbo.be</onlineUrl>      <userId directory="http://orcid.org/">0000-0002-8442-8025</userId>
    </metadataProvider>
      <pubDate>
      2015-10-14
      </pubDate>
    <language>ENGLISH</language>
    <abstract>
        <para>Broedvogels - Atlas of the breeding birds in Flanders 2000-2002 is a species occurrence dataset published by the Research Institute for Nature and Forest (INBO). The dataset contains more than 330,000 bird observations, collected during three breeding seasons (2000, 2001, 2002) using a standardized field methodology using a 5km x 5km square grid system covering all of Flanders, Belgium (645 squares) as well as up to eight 1km x 1km sample squares within each larger square. Test data from 1999 and additional data to increase coverage from 2003 are also included. The dataset includes information on 197 taxa, of which 183 species (13 exotic) and 3 subspecies are considered breeding in Flanders. The data are released in bulk as open data. See the dataset metadata or the paper Bird Census News 2004 1/2: 35-47 (http://www.ebcc.info/wpimages/video/BCN_17_1&amp;amp;2.pdf) for contact information, scope and methodology. Issues with the dataset can be reported at https://github.com/LifeWatchINBO/data-publication/tree/master/datasets/broedvogel-atlas-occurrences
To allow anyone to use this dataset, we have released the data to the public domain under a Creative Commons Zero waiver (http://creativecommons.org/publicdomain/zero/1.0/). We would appreciate it however if you read and follow these norms for data use (http://www.inbo.be/en/norms-for-data-use) and provide a link to the original dataset (https://doi.org/10.15468/sccg5a) whenever possible. If you use these data for a scientific paper, please cite the dataset following the applicable citation norms and/or consider us for co-authorship. We are always interested to know how you have used or visualized the data, or to provide more information, so please contact us via the contact information provided in the metadata, opendata&amp;#64;inbo.be or https://twitter.com/LifeWatchINBO.</para>
    </abstract>
        <keywordSet>
              <keyword>Occurrence</keyword>
              <keywordThesaurus>GBIF Dataset Type Vocabulary: http://rs.gbif.org/vocabulary/gbif/dataset_type.xml</keywordThesaurus>
        </keywordSet>
        <keywordSet>
              <keyword>Observation</keyword>
              <keywordThesaurus>GBIF Dataset Subtype Vocabulary: http://rs.gbif.org/vocabulary/gbif/dataset_subtype.xml</keywordThesaurus>
        </keywordSet>
        <keywordSet>
              <keyword>nature restoration</keyword>
              <keyword>atlas</keyword>
              <keyword>LifeWatch</keyword>
              <keyword>birds</keyword>
              <keyword>monitoring</keyword>
              <keyword>distribution</keyword>
              <keyword>open data</keyword>
              <keyword>breeding birds</keyword>
              <keywordThesaurus>n/a</keywordThesaurus>
        </keywordSet>
      <additionalInfo>
          <para>To allow anyone to use this dataset, we have released the data to the public domain under a Creative Commons Zero waiver (http://creativecommons.org/publicdomain/zero/1.0/). We would appreciate it however if you read and follow these norms for data use (http://www.inbo.be/en/norms-for-data-use) and provide a link to the original dataset (http://doi.org/10.15468/sccg5a) whenever possible. If you use these data for a scientific paper, please cite the dataset following the applicable citation norms and/or consider us for co-authorship. We are always interested to know how you have used or visualized the data, or to provide more information, so please contact us via the contact information provided in the metadata, opendata@inbo.be or https://twitter.com/LifeWatchINBO.</para>
      </additionalInfo>
      <intellectualRights>
        <para>To the extent possible under law, the publisher has waived all rights to these data and has dedicated them to the <ulink url="http://creativecommons.org/publicdomain/zero/1.0/legalcode"><citetitle>Public Domain (CC0 1.0)</citetitle></ulink>. Users may copy, modify, distribute and use the work, including for commercial purposes, without restriction.</para>
      </intellectualRights>
      <distribution scope="document">
          <online>
              <url function="information">http://broedvogels.inbo.be</url>
          </online>
      </distribution>
      <coverage>
            <geographicCoverage>
                  <geographicDescription>Flanders, Belgium</geographicDescription>
                  <boundingCoordinates>
                      <westBoundingCoordinate>2.54</westBoundingCoordinate>
                      <eastBoundingCoordinate>5.92</eastBoundingCoordinate>
                      <northBoundingCoordinate>51.51</northBoundingCoordinate>
                      <southBoundingCoordinate>50.68</southBoundingCoordinate>
                  </boundingCoordinates>
            </geographicCoverage>
          <temporalCoverage>
            <rangeOfDates>
              <beginDate>
                <calendarDate>      1999-04-04
</calendarDate>
              </beginDate>
              <endDate>
                <calendarDate>      2003-06-27
</calendarDate>
              </endDate>
            </rangeOfDates>
          </temporalCoverage>
              <taxonomicCoverage>
                    <generalTaxonomicCoverage>The dataset covers breeding birds in Flanders, Belgium and includes 193 species. The top 3 recordings are Turdus merula, Columba palumbus, and Troglodytes troglodytes.</generalTaxonomicCoverage>
                    <taxonomicClassification>
                          <taxonRankName>Kingdom</taxonRankName>
                        <taxonRankValue>Animalia</taxonRankValue>
                          <commonName>animals</commonName>
                    </taxonomicClassification>
                    <taxonomicClassification>
                          <taxonRankName>Phylum</taxonRankName>
                        <taxonRankValue>Chordata</taxonRankValue>
                    </taxonomicClassification>
                    <taxonomicClassification>
                          <taxonRankName>Class</taxonRankName>
                        <taxonRankValue>Aves</taxonRankValue>
                          <commonName>birds</commonName>
                    </taxonomicClassification>
                    <taxonomicClassification>
                          <taxonRankName>Family</taxonRankName>
                        <taxonRankValue>Accipitridae</taxonRankValue>
                          <commonName>hawks, eagles, kites, etc.</commonName>
                    </taxonomicClassification>
                    <taxonomicClassification>
                          <taxonRankName>Family</taxonRankName>
                        <taxonRankValue>Aegithalidae</taxonRankValue>
                          <commonName>bushtits</commonName>
                    </taxonomicClassification>
                    <taxonomicClassification>
                          <taxonRankName>Family</taxonRankName>
                        <taxonRankValue>Alaudidae</taxonRankValue>
                          <commonName>larks</commonName>
                    </taxonomicClassification>
                    <taxonomicClassification>
                          <taxonRankName>Family</taxonRankName>
                        <taxonRankValue>Alcedinidae</taxonRankValue>
                          <commonName>river kingfishers</commonName>
                    </taxonomicClassification>
                    <taxonomicClassification>
                          <taxonRankName>Family</taxonRankName>
                        <taxonRankValue>Anatidae</taxonRankValue>
                          <commonName>ducks, geese &amp; swans</commonName>
                    </taxonomicClassification>
                    <taxonomicClassification>
                          <taxonRankName>Family</taxonRankName>
                        <taxonRankValue>Apodidae</taxonRankValue>
                          <commonName>swifts</commonName>
                    </taxonomicClassification>
                    <taxonomicClassification>
                          <taxonRankName>Family</taxonRankName>
                        <taxonRankValue>Ardeidae</taxonRankValue>
                          <commonName>herons</commonName>
                    </taxonomicClassification>
                    <taxonomicClassification>
                          <taxonRankName>Family</taxonRankName>
                        <taxonRankValue>Caprimulgidae</taxonRankValue>
                          <commonName>nightjars</commonName>
                    </taxonomicClassification>
                    <taxonomicClassification>
                          <taxonRankName>Family</taxonRankName>
                        <taxonRankValue>Certhiidae</taxonRankValue>
                          <commonName>treecreepers</commonName>
                    </taxonomicClassification>
                    <taxonomicClassification>
                          <taxonRankName>Family</taxonRankName>
                        <taxonRankValue>Charadriidae</taxonRankValue>
                          <commonName>plovers, dotterels &amp; lapwings</commonName>
                    </taxonomicClassification>
                    <taxonomicClassification>
                          <taxonRankName>Family</taxonRankName>
                        <taxonRankValue>Ciconiidae</taxonRankValue>
                          <commonName>storks</commonName>
                    </taxonomicClassification>
                    <taxonomicClassification>
                          <taxonRankName>Family</taxonRankName>
                        <taxonRankValue>Cisticolidae</taxonRankValue>
                          <commonName>warblers</commonName>
                    </taxonomicClassification>
                    <taxonomicClassification>
                          <taxonRankName>Family</taxonRankName>
                        <taxonRankValue>Columbidae</taxonRankValue>
                          <commonName>pigeons &amp; doves</commonName>
                    </taxonomicClassification>
                    <taxonomicClassification>
                          <taxonRankName>Family</taxonRankName>
                        <taxonRankValue>Corvidae</taxonRankValue>
                          <commonName>corvids</commonName>
                    </taxonomicClassification>
                    <taxonomicClassification>
                          <taxonRankName>Family</taxonRankName>
                        <taxonRankValue>Cuculidae</taxonRankValue>
                          <commonName>cuckoos</commonName>
                    </taxonomicClassification>
                    <taxonomicClassification>
                          <taxonRankName>Family</taxonRankName>
                        <taxonRankValue>Emberizidae</taxonRankValue>
                          <commonName>buntings</commonName>
                    </taxonomicClassification>
                    <taxonomicClassification>
                          <taxonRankName>Family</taxonRankName>
                        <taxonRankValue>Falconidae</taxonRankValue>
                          <commonName>falcons</commonName>
                    </taxonomicClassification>
                    <taxonomicClassification>
                          <taxonRankName>Family</taxonRankName>
                        <taxonRankValue>Fringillidae</taxonRankValue>
                          <commonName>true finches</commonName>
                    </taxonomicClassification>
                    <taxonomicClassification>
                          <taxonRankName>Family</taxonRankName>
                        <taxonRankValue>Haematopodidae</taxonRankValue>
                          <commonName>oystercatchers</commonName>
                    </taxonomicClassification>
                    <taxonomicClassification>
                          <taxonRankName>Family</taxonRankName>
                        <taxonRankValue>Hirundinidae</taxonRankValue>
                          <commonName>swallows &amp; martins</commonName>
                    </taxonomicClassification>
                    <taxonomicClassification>
                          <taxonRankName>Family</taxonRankName>
                        <taxonRankValue>Laniidae</taxonRankValue>
                          <commonName>shrikes</commonName>
                    </taxonomicClassification>
                    <taxonomicClassification>
                          <taxonRankName>Family</taxonRankName>
                        <taxonRankValue>Laridae</taxonRankValue>
                          <commonName>gulls</commonName>
                    </taxonomicClassification>
                    <taxonomicClassification>
                          <taxonRankName>Family</taxonRankName>
                        <taxonRankValue>Meropidae</taxonRankValue>
                          <commonName>bee-eaters</commonName>
                    </taxonomicClassification>
                    <taxonomicClassification>
                          <taxonRankName>Family</taxonRankName>
                        <taxonRankValue>Motacillidae</taxonRankValue>
                          <commonName>wagtails, longclaws &amp; pipits</commonName>
                    </taxonomicClassification>
                    <taxonomicClassification>
                          <taxonRankName>Family</taxonRankName>
                        <taxonRankValue>Muscicapidae</taxonRankValue>
                          <commonName>Old World flycatchers</commonName>
                    </taxonomicClassification>
                    <taxonomicClassification>
                          <taxonRankName>Family</taxonRankName>
                        <taxonRankValue>Oriolidae</taxonRankValue>
                          <commonName>Old World orioles</commonName>
                    </taxonomicClassification>
                    <taxonomicClassification>
                          <taxonRankName>Family</taxonRankName>
                        <taxonRankValue>Paridae</taxonRankValue>
                          <commonName>tits, chickadees &amp; titmice</commonName>
                    </taxonomicClassification>
                    <taxonomicClassification>
                          <taxonRankName>Family</taxonRankName>
                        <taxonRankValue>Passeridae</taxonRankValue>
                          <commonName>sparrows</commonName>
                    </taxonomicClassification>
                    <taxonomicClassification>
                          <taxonRankName>Family</taxonRankName>
                        <taxonRankValue>Phalacrocoracidae</taxonRankValue>
                          <commonName>cormorants</commonName>
                    </taxonomicClassification>
                    <taxonomicClassification>
                          <taxonRankName>Family</taxonRankName>
                        <taxonRankValue>Phasianidae</taxonRankValue>
                          <commonName>pheasants, partridges, etc.</commonName>
                    </taxonomicClassification>
                    <taxonomicClassification>
                          <taxonRankName>Family</taxonRankName>
                        <taxonRankValue>Picidae</taxonRankValue>
                          <commonName>woodpeckers</commonName>
                    </taxonomicClassification>
                    <taxonomicClassification>
                          <taxonRankName>Family</taxonRankName>
                        <taxonRankValue>Podicipedidae</taxonRankValue>
                          <commonName>grebes</commonName>
                    </taxonomicClassification>
                    <taxonomicClassification>
                          <taxonRankName>Family</taxonRankName>
                        <taxonRankValue>Prunellidae</taxonRankValue>
                          <commonName>accentors</commonName>
                    </taxonomicClassification>
                    <taxonomicClassification>
                          <taxonRankName>Family</taxonRankName>
                        <taxonRankValue>Psittacidae</taxonRankValue>
                          <commonName>parrots</commonName>
                    </taxonomicClassification>
                    <taxonomicClassification>
                          <taxonRankName>Family</taxonRankName>
                        <taxonRankValue>Rallidae</taxonRankValue>
                          <commonName>rails</commonName>
                    </taxonomicClassification>
                    <taxonomicClassification>
                          <taxonRankName>Family</taxonRankName>
                        <taxonRankValue>Recurvirostridae</taxonRankValue>
                          <commonName>avocets &amp; stilts</commonName>
                    </taxonomicClassification>
                    <taxonomicClassification>
                          <taxonRankName>Family</taxonRankName>
                        <taxonRankValue>Regulidae</taxonRankValue>
                          <commonName>kinglets</commonName>
                    </taxonomicClassification>
                    <taxonomicClassification>
                          <taxonRankName>Family</taxonRankName>
                        <taxonRankValue>Remizidae</taxonRankValue>
                          <commonName>penduline tits</commonName>
                    </taxonomicClassification>
                    <taxonomicClassification>
                          <taxonRankName>Family</taxonRankName>
                        <taxonRankValue>Scolopacidae</taxonRankValue>
                          <commonName>sandpipers</commonName>
                    </taxonomicClassification>
                    <taxonomicClassification>
                          <taxonRankName>Family</taxonRankName>
                        <taxonRankValue>Sittidae</taxonRankValue>
                          <commonName>nuthatches</commonName>
                    </taxonomicClassification>
                    <taxonomicClassification>
                          <taxonRankName>Family</taxonRankName>
                        <taxonRankValue>Strigidae</taxonRankValue>
                          <commonName>true owls</commonName>
                    </taxonomicClassification>
                    <taxonomicClassification>
                          <taxonRankName>Family</taxonRankName>
                        <taxonRankValue>Sturnidae</taxonRankValue>
                          <commonName>starlings</commonName>
                    </taxonomicClassification>
                    <taxonomicClassification>
                          <taxonRankName>Family</taxonRankName>
                        <taxonRankValue>Sylviidae</taxonRankValue>
                          <commonName>Old World warblers</commonName>
                    </taxonomicClassification>
                    <taxonomicClassification>
                          <taxonRankName>Family</taxonRankName>
                        <taxonRankValue>Threskiornithidae</taxonRankValue>
                          <commonName>ibises &amp; spoonbills</commonName>
                    </taxonomicClassification>
                    <taxonomicClassification>
                          <taxonRankName>Family</taxonRankName>
                        <taxonRankValue>Troglodytidae</taxonRankValue>
                          <commonName>wrens</commonName>
                    </taxonomicClassification>
                    <taxonomicClassification>
                          <taxonRankName>Family</taxonRankName>
                        <taxonRankValue>Turdidae</taxonRankValue>
                          <commonName>thrushes</commonName>
                    </taxonomicClassification>
                    <taxonomicClassification>
                          <taxonRankName>Family</taxonRankName>
                        <taxonRankValue>Tytonidae</taxonRankValue>
                          <commonName>barn-owls</commonName>
                    </taxonomicClassification>
                    <taxonomicClassification>
                          <taxonRankName>Family</taxonRankName>
                        <taxonRankValue>Upupidae</taxonRankValue>
                          <commonName>hoopoes</commonName>
                    </taxonomicClassification>
              </taxonomicCoverage>
      </coverage>
      <purpose>
          <para>The first atlas of breeding birds in Flanders was published in 1988 and was based on fieldwork conducted between 1973-1977 (Devillers et al. 1988). For almost three decades, this work provided the only information available on the distribution and abundance of all breeding bird species in Flanders. Although several species-specific projects were subsequently undertaken, it was not until 1994 that a monitoring programme for rare, colonial and exotic bird species was initiated. This was coordinated by the then Institute of Nature Conservation (IN), now the Research Institute for Nature and Forest (INBO), a research institute of the Flemish Government. Although this project provided very useful information that could be used for defining special protection areas (SPAs), it was clear that the rest of the breeding avifauna, including common species, was experiencing major changes. As a direct response, during 1998, a new comprehensive breeding atlas project was launched by the INBO in collaboration with several other organizations and financed by the Flemish Government.</para>
      </purpose>
      <contact>
    <individualName>
<givenName>Glenn</givenName>          <surName>Vermeersch</surName>
    </individualName>
<organizationName>Research Institute for Nature and Forest (INBO)</organizationName><positionName>Researcher</positionName>    <address>
<deliveryPoint>Kliniekstraat 25</deliveryPoint><city>Brussels</city><administrativeArea>Brussels Capital Region</administrativeArea><postalCode>1070</postalCode><country>BELGIUM</country>    </address>
<electronicMailAddress>glenn.vermeersch@inbo.be</electronicMailAddress>      </contact>
      <methods>
            <methodStep>
                <description>
                    <para>For each 5km x 5km square (&quot;atlashok&quot;), volunteers were asked to try and locate as many breeding bird species as possible and to assess both numbers and locations of a selected subset of species. The volunteer could choose how many visits to make and for how long, although it was advised to visit for 30-50 hours and to visit in early morning. This method is indicated in the data as follows:

* occurrenceID: contains AH (for &quot;atlashok&quot;)
* locationID: code of the &quot;atlashok&quot;
* verbatimCoordinates: MRGS code of the &quot;atlashok&quot;
* decimalLatitude/longitude: centroid of 5km x 5km &quot;atlashok&quot;
* samplingMethod: Bird Census News 2004 1/2 p.36
* samplingEffort: number of observation hours
* sampleSize: 25 square kilometer
* eventDate: date range for the observation
* scientificName: observed species
* individualCount: number of breeding pairs for that species
* behavior: breeding status</para>
                </description>
            </methodStep>
            <methodStep>
                <description>
                    <para>In a more standardized method, the volunteer was required to make two one-hour long visits to a set of eight fixed 1km x 1km squares (&quot;kilometerhok&quot;) in each 5km x 5km square: once between April 1 to May 15 and once between May 16 and June 30.</para>
                </description>
            </methodStep>
            <methodStep>
                <description>
                    <para>In the one-hour visit, the volunteer traversed the 1km x 1km square for 55 minutes and noted all breeding species. This method is indicated in the data as follows:

* occurrenceID: contains KM (for &quot;kilometerhok&quot;)
* locationID: code of the &quot;atlashok&quot;
* verbatimCoordinates: MRGS code of the &quot;kilometerhok&quot;
* decimalLatitude/longitude: centroid of 1km x 1km &quot;kilometerhok&quot;
* samplingMethod: Bird Census News 2004 1/2 p.36
* samplingEffort: 55 minutes
* sampleSize: 1 square kilometer
* eventDate: specific date of the observation
* scientificName: observed species
* individualCount: number of breeding pairs for that species
* behavior: no breeding status information</para>
                </description>
            </methodStep>
            <methodStep>
                <description>
                    <para>In the one-hour visit, the volunteer also did a 5 minute point count near the center of the 1km x 1km square, with a radius of 100m. This method is indicated in the data as follows:

* occurrenceID: contains PT (for &quot;punttelling&quot;)
* locationID: code of the &quot;atlashok&quot;
* verbatimCoordinates: MRGS code of the &quot;kilometerhok&quot;
* decimalLatitude/longitude: centroid of 1km x 1km &quot;kilometerhok&quot;
* samplingMethod: Bird Census News 2004 1/2 p.36
* samplingEffort: 5 minutes
* sampleSize: 1 square kilometer
* eventDate: specific date of the observation
* scientificName: observed species
* individualCount: no information
* behavior: no breeding status information</para>
                </description>
            </methodStep>
            <methodStep>
                <description>
                    <para>The data also includes loose observations. This method is indicated in the data as follows:

* occurrenceID: contains LW (for &quot;losse waarneming&quot;)
* locationID: code of the &quot;atlashok&quot;
* verbatimCoordinates: MRGS code of the &quot;atlashok&quot;
* decimalLatitude/longitude: centroid of 5km x 5km &quot;atlashok&quot;
* samplingMethod: loose observations
* samplingEffort: no information
* sampleSize: 25 square kilometer
* eventDate: specific date of the observation
* scientificName: observed species
* individualCount: number of breeding pairs for that species
* behavior: breeding status</para>
                </description>
            </methodStep>
            <sampling>
                <studyExtent>
                    <description>
                        <para>During the 1999 breeding season, an inventory of several atlas squares was produced as a test. The method used in that first season replicated the one used in the Dutch atlas project (Sovon 2002) and was also based on the Universal Transverse Mercator (UTM) projection to divide Flanders into an internationally recognized grid of 5km x 5km squares.

Fieldwork was organized in such a way that less-experienced ornithologists were able to take part in the project. It was carried out during the breeding seasons of 2000, 2001 and 2002. In 2003, a few additional squares were surveyed in order to increase coverage. Many birdwatchers were involved, organized at a local level by regional coordinators and overseen by a national coordinator and professional INBO staff. The largest volunteer organization in Flanders, Natuurpunt, was primarily involved in organizing the volunteer structure. In general, fieldwork consisted of surveys on both 5km x 5km and 1km x 1km scales and a total of 645 squares had to be surveyed.

The main aims of the atlas were as follows:

* to assess the current distribution of all breeding bird species in Flanders
* to assess their relative abundance where possible
* to create detailed population estimates for around 65 % of all species
* to gather exact location data for all rare, colonial and exotic breeding bird species throughout Flanders</para>
                    </description>
                </studyExtent>
                <samplingDescription>
                    <para>In each 5km x 5km square, volunteers were initially asked to try and locate as many breeding bird species as possible and to assess both numbers and locations of a selected sub-set of species. In doing so, they were free to choose the time and duration of their observations, although a few general guidelines were provided. Subsequently, as part of a standardized fieldwork procedure, they were required to make two one-hour long visits to sets of eight fixed 1km x 1km squares. Each volunteer was provided with a 1:10.000 scale map of each 5km x 5km square on which the 1km x 1km squares were also indicated and several forms were issued to record their data. As with the Dutch method, the species list was constructed to include a classification of breeding status, i.e. possible, probable or confirmed breeding. The aim of the hour long counts was to construct relative abundance maps and during each hour a 5 minute point count was performed in the middle of every square. These short duration point counts fine-tuned these maps in the case of common species, which were often recorded during the hour count, irrespective of their relative abundance. During the hour counts, observers were asked to record all breeding bird species present and to provide counts of the number of breeding pairs/territories for a selection of species.

The sampling method is described in more detail in Bird Census News 2004 1/2: 35-47.</para>
                </samplingDescription>
            </sampling>
            <qualityControl>
                <description>
                    <para>All data obtained from atlas fieldwork were collected on standard recording forms. These were sent to the regional coordinator who checked them thoroughly and contacted volunteers in case of any obvious anomalies. Following this first step, data were sent to the INBO where they were checked once more before being entered in an SQL-database. Forms were printed from the database which were returned to the individual volunteers. They were asked to check the lists one final time in order to ensure accuracy. After the final breeding season, the completed lists for each region were sent to the relevant coordinators asking them to provide extra information on the annual numbers of some colonial or rare breeding bird species per square. For some pioneer species like Sand Martin and Avocet or obvious species like Rook, we wanted to be able to estimate the numbers in each of the three atlas years.

Technology also presented a convenient way of double-checking data. By posting preliminary versions of species maps (distribution, numbers and relative abundance) on a frequently updated website (http://broedvogels.inbo.be), volunteers were able to easily provide many useful comments. The site also provided the opportunity to submit records from outside the census procedures, resulting in over 60.000 extra observations. These observations were also submitted to regional coordinators for them to assess credibility and accuracy. Afterwards, if the observations enhanced the information per square, they were incorporated, although they could be traced at all times.</para>
                </description>
            </qualityControl>
      </methods>

</dataset>

<additionalMetadata>
    <metadata>
      <gbif>
        <dateStamp>2018-01-30T10:07:33Z</dateStamp>
      <citation identifier="http://doi.org/10.15468/sccg5a">Vermeersch G, Anselin A, Devos K, Herremans M, Stevens J, Gabriëls J, Van Der Krieken B, Brosens D, Desmet P (2015). Broedvogels - Atlas of the breeding birds in Flanders 2000-2002. Version 1.5. Research Institute for Nature and Forest (INBO). Occurrence Dataset https://doi.org/10.15468/sccg5a accessed via GBIF.org on 2018-01-30.</citation>
              <bibliography>
      <citation identifier="http://www.ebcc.info/wpimages/video/BCN_17_1&amp;2.pdf">Vermeersch G., Anselin A., Devos K., Herremans M., Stevens J., Gabriëls J., Van Der Krieken B. (2004a) Atlas of the breeding birds in Flanders 2000-2002. Bird Census News 2004 1/2: 35-47.</citation>
      <citation identifier="ISBN 90-403-0215-4">Vermeersch G., Anselin A., Devos K., Herremans M., Stevens J., Gabriëls J. &amp; Van Der Krieken B. (2004b) Atlas van de Vlaamse broedvogels 2000-2002. Mededelingen van het Instituut voor Natuurbehoud 23, Brussel, 496p.</citation>
              </bibliography>
              <resourceLogoUrl>http://data.inbo.be/ipt/logo.do?r=broedvogel-atlas-occurrences</resourceLogoUrl>
              <formationPeriod>breeding season 2000</formationPeriod>
              <formationPeriod>breeding season 2001</formationPeriod>
              <formationPeriod>breeding season 2002</formationPeriod>
        </gbif>
    </metadata>
</additionalMetadata>

</eml:eml>
