<?xml version="1.0" encoding="utf-8"?>
<eml:eml xmlns:eml="eml://ecoinformatics.org/eml-2.1.1" xmlns:xsi="http://www.w3.org/2001/XMLSchema-instance"
         xsi:schemaLocation="eml://ecoinformatics.org/eml-2.1.1 http://rs.gbif.org/schema/eml-gbif-profile/1.1/eml.xsd"
        packageId="837d1c8c-f762-11e1-a439-00145eb45e9a"  system="http://gbif.org" scope="system"
  xml:lang="en">

<dataset>
      <alternateIdentifier>doi:10.15468/nh8nj4</alternateIdentifier>
        <alternateIdentifier>293</alternateIdentifier>
    <title>Museo Nacional de Ciencias Naturales, Colección de Aves: MNCN-Ornit</title>
    <associatedParty>
    <individualName>
          <surName>Josefina Barreiro Rodríguez</surName>
    </individualName>
<phone>34-914111328 ext.1139</phone><electronicMailAddress>jbarreiro@mncn.csic.es</electronicMailAddress>    <role>TECHNICAL_POINT_OF_CONTACT</role>
    </associatedParty>
    <language>en</language>
    <abstract>
        <para>The Bird Collection of the Spanish Museo Nacional de Ciencias Naturales holds around 30.000 specimens. The data currently not available on GBIF can be obtained from the persons in charge of the collection and database.</para>
    </abstract>
      <intellectualRights>
        <para>This work is licensed under a <ulink url="http://creativecommons.org/licenses/by-nc/4.0/legalcode"><citetitle>Creative Commons Attribution Non Commercial (CC-BY-NC) 4.0 License</citetitle></ulink>.</para>
      </intellectualRights>
      <distribution scope="document">
          <online>
              <url function="information">http://www.mncn.csic.es/coavesyma.htm</url>
          </online>
      </distribution>

</dataset>

<additionalMetadata>
    <metadata>
      <gbif>
        <dateStamp>2018-01-30T10:07:39Z</dateStamp>
      <citation>Spanish National Museum of Natural Sciences (CSIC). Museo Nacional de Ciencias Naturales, Colección de Aves: MNCN-Ornit. Occurrence Dataset https://doi.org/10.15468/nh8nj4 accessed via GBIF.org on 2018-01-30.</citation>
        </gbif>
    </metadata>
</additionalMetadata>

</eml:eml>
