<?xml version="1.0" encoding="utf-8"?>
<eml:eml xmlns:eml="eml://ecoinformatics.org/eml-2.1.1" xmlns:xsi="http://www.w3.org/2001/XMLSchema-instance"
         xsi:schemaLocation="eml://ecoinformatics.org/eml-2.1.1 http://rs.gbif.org/schema/eml-gbif-profile/1.1/eml.xsd"
        packageId="84ecc4aa-f762-11e1-a439-00145eb45e9a"  system="http://gbif.org" scope="system"
  xml:lang="en">

<dataset>
      <alternateIdentifier>doi:10.15468/jhxosu</alternateIdentifier>
        <alternateIdentifier>763</alternateIdentifier>
    <title>European Lepidoptera Observations by Donald Hobern</title>
    <associatedParty>
    <individualName>
          <surName>Hannu Saarenmaa</surName>
    </individualName>
<positionName>Dr.</positionName><phone>+45-28751479</phone><electronicMailAddress>hannu@bioshare.com</electronicMailAddress>    </associatedParty>
    <associatedParty>
    <individualName>
          <surName>Donald Hobern</surName>
    </individualName>
<positionName>Mr.</positionName><phone>+45-35321483</phone><electronicMailAddress>dhobern@gbif.org</electronicMailAddress>    </associatedParty>
    <language>en</language>
    <abstract>
        <para>Observations of Lepidoptera by Donald Hobern.  These records are mostly the result of light trapping in gardens and of casual observations.  Names follow Ole Karsholt and Jozef Razowski, The Lepidoptera of Europe.</para>
    </abstract>
      <intellectualRights>
        <para>This work is licensed under a <ulink url="http://creativecommons.org/licenses/by/4.0/legalcode"><citetitle>Creative Commons Attribution (CC-BY) 4.0 License</citetitle></ulink>.</para>
      </intellectualRights>
      <distribution scope="document">
          <online>
              <url function="information">http://www.bioshare.net/dabuh/dh/DGHLEPEU</url>
          </online>
      </distribution>

</dataset>

<additionalMetadata>
    <metadata>
      <gbif>
        <dateStamp>2018-01-30T10:07:36Z</dateStamp>
      <citation>Department of Forest Sciences. European Lepidoptera Observations by Donald Hobern. Occurrence Dataset https://doi.org/10.15468/jhxosu accessed via GBIF.org on 2018-01-30.</citation>
        </gbif>
    </metadata>
</additionalMetadata>

</eml:eml>
