<?xml version="1.0" encoding="utf-8"?>
<eml:eml xmlns:eml="eml://ecoinformatics.org/eml-2.1.1" xmlns:xsi="http://www.w3.org/2001/XMLSchema-instance"
         xsi:schemaLocation="eml://ecoinformatics.org/eml-2.1.1 http://rs.gbif.org/schema/eml-gbif-profile/1.1/eml.xsd"
        packageId="ed527c71-23aa-40cf-b16b-1a5b8ec6770a"  system="http://gbif.org" scope="system"
  xml:lang="en">

<dataset>
      <alternateIdentifier>doi:10.15468/vjkvxg</alternateIdentifier>
        <alternateIdentifier>https://data.gbif.no/ipt/resource?r=trom_arthropoda</alternateIdentifier>
        <alternateIdentifier>http://data.gbif.no/ipt/resource?r=trom_arthropoda</alternateIdentifier>
        <alternateIdentifier>http://data.gbif.no/ipt/resource?r=tm_arthropoda</alternateIdentifier>
        <alternateIdentifier>http://dev.gbif.no/ipt/resource?r=tm_arthropoda</alternateIdentifier>
        <alternateIdentifier>http://gbif.no/ipt/resource?r=tm_arthropoda</alternateIdentifier>
        <alternateIdentifier>http://gbif.no/ipt/resource.do?r=tm_arthropoda</alternateIdentifier>
        <alternateIdentifier>ed527c71-23aa-40cf-b16b-1a5b8ec6770a</alternateIdentifier>
        <alternateIdentifier>7981</alternateIdentifier>
    <title>Arthropod collection, Tromsø Museum</title>
    <creator>
<organizationName>Tromsø Museum</organizationName><phone>004777645001</phone><electronicMailAddress>postmottak@tmu.uit.no</electronicMailAddress><onlineUrl>https://uit.no/tmu/</onlineUrl>    </creator>
    <metadataProvider>
<organizationName>Tromsø Museum</organizationName><phone>004777645001</phone><electronicMailAddress>postmottak@tmu.uit.no</electronicMailAddress><onlineUrl>https://uit.no/tmu/</onlineUrl>    </metadataProvider>
    <associatedParty>
    <individualName>
<givenName>Christian</givenName>          <surName>Svindseth</surName>
    </individualName>
<electronicMailAddress>christian.svindseth@nhm.uio.no</electronicMailAddress>    <role>USER</role>
    </associatedParty>
      <pubDate>
      2018-01-29
      </pubDate>
    <language>ENGLISH</language>
    <abstract>
        <para>Lepidoptera and other arthropods, Tromsø Museum.</para>
    </abstract>
        <keywordSet>
              <keyword>Occurrence</keyword>
              <keywordThesaurus>GBIF Dataset Type Vocabulary: http://rs.gbif.org/vocabulary/gbif/dataset_type.xml</keywordThesaurus>
        </keywordSet>
        <keywordSet>
              <keyword>Specimen</keyword>
              <keywordThesaurus>GBIF Dataset Subtype Vocabulary: http://rs.gbif.org/vocabulary/gbif/dataset_subtype.xml</keywordThesaurus>
        </keywordSet>
      <intellectualRights>
        <para>This work is licensed under a <ulink url="http://creativecommons.org/licenses/by/4.0/legalcode"><citetitle>Creative Commons Attribution (CC-BY) 4.0 License</citetitle></ulink>.</para>
      </intellectualRights>
      <maintenance>
          <description>
              <para></para>
          </description>
          <maintenanceUpdateFrequency>irregular</maintenanceUpdateFrequency>
      </maintenance>
      <contact>
<organizationName>Tromsø Museum</organizationName><phone>004777645001</phone><electronicMailAddress>postmottak@tmu.uit.no</electronicMailAddress><onlineUrl>https://uit.no/tmu/</onlineUrl>      </contact>

</dataset>

<additionalMetadata>
    <metadata>
      <gbif>
        <dateStamp>2018-01-30T10:07:35Z</dateStamp>
      <citation>UiT The Arctic University of Norway (2018). Arthropod collection, Tromsø Museum. Version 1.425. Occurrence Dataset https://doi.org/10.15468/vjkvxg accessed via GBIF.org on 2018-01-30.</citation>
              <resourceLogoUrl>http://data.gbif.no/ipt/logo.do?r=trom_arthropoda</resourceLogoUrl>
        </gbif>
    </metadata>
</additionalMetadata>

</eml:eml>
