<?xml version="1.0" encoding="utf-8"?>
<eml:eml xmlns:eml="eml://ecoinformatics.org/eml-2.1.1" xmlns:xsi="http://www.w3.org/2001/XMLSchema-instance"
         xsi:schemaLocation="eml://ecoinformatics.org/eml-2.1.1 http://rs.gbif.org/schema/eml-gbif-profile/1.1/eml.xsd"
        packageId="f26b3879-1310-40a1-a9bf-0c99b3ecd666"  system="http://gbif.org" scope="system"
  xml:lang="en">

<dataset>
      <alternateIdentifier>doi:10.15468/aclp1e</alternateIdentifier>
        <alternateIdentifier>11866</alternateIdentifier>
    <title>Countryside Council for Wales - Welsh Peatland Invertebrate Survey (WPIS)</title>
    <language>en</language>
    <abstract>
        <para>NBN Gateway Dataset GA000483</para>
    </abstract>
      <intellectualRights>
        <para>This work is licensed under a <ulink url="http://creativecommons.org/licenses/by/4.0/legalcode"><citetitle>Creative Commons Attribution (CC-BY) 4.0 License</citetitle></ulink>.</para>
      </intellectualRights>
      <distribution scope="document">
          <online>
              <url function="information">http://data.nbn.org.uk/datasetInfo/taxonDataset.jsp?dsKey=GA000483</url>
          </online>
      </distribution>

</dataset>

<additionalMetadata>
    <metadata>
      <gbif>
        <dateStamp>2018-01-30T10:07:32Z</dateStamp>
      <citation>National Biodiversity Network. Countryside Council for Wales - Welsh Peatland Invertebrate Survey (WPIS). Occurrence Dataset https://doi.org/10.15468/aclp1e accessed via GBIF.org on 2018-01-30.</citation>
        </gbif>
    </metadata>
</additionalMetadata>

</eml:eml>
