<?xml version="1.0" encoding="utf-8"?>
<eml:eml xmlns:eml="eml://ecoinformatics.org/eml-2.1.1" xmlns:xsi="http://www.w3.org/2001/XMLSchema-instance"
         xsi:schemaLocation="eml://ecoinformatics.org/eml-2.1.1 http://rs.gbif.org/schema/eml-gbif-profile/1.1/eml.xsd"
        packageId="1f968e89-ca96-4065-91a5-4858e736b5aa"  system="http://gbif.org" scope="system"
  xml:lang="en">

<dataset>
      <alternateIdentifier>doi:10.15468/ezfbee</alternateIdentifier>
        <alternateIdentifier>1f968e89-ca96-4065-91a5-4858e736b5aa</alternateIdentifier>
        <alternateIdentifier>http://data.inbo.be/ipt/resource?r=dagvlinders-natuurpunt-occurrences</alternateIdentifier>
    <title>Waarnemingen.be - Butterfly occurrences in Flanders and the Brussels Capital Region, Belgium</title>
    <creator>
    <individualName>
<givenName>Wouter</givenName>          <surName>Vanreusel</surName>
    </individualName>
<organizationName>Natuurpunt Studie</organizationName><positionName>Celhoofd cel natuurstudie</positionName>    <address>
<deliveryPoint>Coxiestraat 11</deliveryPoint><city>Mechelen</city><administrativeArea>Antwerp</administrativeArea><postalCode>2800</postalCode><country>BELGIUM</country>    </address>
<electronicMailAddress>wouter.vanreusel@natuurpunt.be</electronicMailAddress><onlineUrl>http://www.natuurpunt.be</onlineUrl>    </creator>
    <creator>
    <individualName>
<givenName>Marc</givenName>          <surName>Herremans</surName>
    </individualName>
<organizationName>Natuurpunt Studie</organizationName><positionName>Diensthoofd Natuurpunt Studie</positionName>    <address>
<deliveryPoint>Coxiestraat 11</deliveryPoint><city>Mechelen</city><administrativeArea>Antwerp</administrativeArea><postalCode>2800</postalCode><country>BELGIUM</country>    </address>
<electronicMailAddress>marc.herremans@natuurpunt.be</electronicMailAddress><onlineUrl>http://www.natuurpunt.be</onlineUrl>    </creator>
    <creator>
    <individualName>
<givenName>Pieter</givenName>          <surName>Vantieghem</surName>
    </individualName>
<organizationName>Vlinderwerkgroep Natuurpunt</organizationName>    <address>
<deliveryPoint>Coxiestraat 11</deliveryPoint><city>Mechelen</city><administrativeArea>Antwerp</administrativeArea><postalCode>2800</postalCode><country>BELGIUM</country>    </address>
<electronicMailAddress>ptr.vantieghem@gmail.com</electronicMailAddress><onlineUrl>http://www.natuurpunt.be/vlinderwerkgroep</onlineUrl>    </creator>
    <creator>
    <individualName>
<givenName>Karin</givenName>          <surName>Gielen</surName>
    </individualName>
<organizationName>Natuurpunt Studie</organizationName><positionName>Administratief medewerker / Databeheerder</positionName>    <address>
<deliveryPoint>Coxiestraat 11</deliveryPoint><city>Mechelen</city><administrativeArea>Antwerp</administrativeArea><postalCode>2800</postalCode><country>BELGIUM</country>    </address>
<electronicMailAddress>karin.gielen@natuurpunt.be</electronicMailAddress><onlineUrl>http://www.natuurpunt.be</onlineUrl>    </creator>
    <creator>
    <individualName>
<givenName>Kristijn</givenName>          <surName>Swinnen</surName>
    </individualName>
<organizationName>Natuurpunt Studie</organizationName>    <address>
<deliveryPoint>Coxiestraat 11</deliveryPoint><city>Mechelen</city><administrativeArea>Antwerp</administrativeArea><postalCode>2800</postalCode><country>BELGIUM</country>    </address>
<electronicMailAddress>kristijn.swinnen@natuurpunt.be</electronicMailAddress><onlineUrl>http://www.natuurpunt.be</onlineUrl>    </creator>
    <creator>
<organizationName>Vlinderwerkgroep Natuurpunt</organizationName>    <address>
<postalCode>vlinders@natuurpunt.be</postalCode><country>BELGIUM</country>    </address>
<onlineUrl>http://www.natuurpunt.be/vlinderwerkgroep</onlineUrl>    </creator>
    <creator>
<organizationName>all butterfly recorders</organizationName><onlineUrl>http://www.waarnemingen.be</onlineUrl>    </creator>
    <metadataProvider>
    <individualName>
<givenName>Wouter</givenName>          <surName>Vanreusel</surName>
    </individualName>
<organizationName>Natuurpunt Studie</organizationName><positionName>Celhoofd cel netwerken &amp; data</positionName>    <address>
<deliveryPoint>Coxiestraat 11</deliveryPoint><city>Mechelen</city><administrativeArea>Antwerp</administrativeArea><postalCode>2800</postalCode><country>BELGIUM</country>    </address>
<electronicMailAddress>wouter.vanreusel@natuurpunt.be</electronicMailAddress><onlineUrl>http://www.natuurpunt.be</onlineUrl>    </metadataProvider>
    <metadataProvider>
    <individualName>
<givenName>Peter</givenName>          <surName>Desmet</surName>
    </individualName>
<organizationName>Research Institute for Nature and Forest (INBO)</organizationName>    <address>
<deliveryPoint>Kliniekstraat 25</deliveryPoint><city>Brussels</city><administrativeArea>Brussels Capital Region</administrativeArea><postalCode>1070</postalCode><country>BELGIUM</country>    </address>
<electronicMailAddress>peter.desmet@inbo.be</electronicMailAddress><onlineUrl>http://www.inbo.be</onlineUrl>      <userId directory="http://orcid.org/">0000-0002-8442-8025</userId>
    </metadataProvider>
    <metadataProvider>
    <individualName>
<givenName>Kristijn</givenName>          <surName>Swinnen</surName>
    </individualName>
<organizationName>Natuurpunt Studie</organizationName>    <address>
<deliveryPoint>Coxiestraat 11</deliveryPoint><city>Mechelen</city><administrativeArea>Antwerp</administrativeArea><postalCode>2800</postalCode><country>BELGIUM</country>    </address>
<electronicMailAddress>kristijn.swinnen@natuurpunt.be</electronicMailAddress><onlineUrl>http://www.natuurpunt.be</onlineUrl>    </metadataProvider>
      <pubDate>
      2017-04-28
      </pubDate>
    <language>ENGLISH</language>
    <abstract>
        <para>Waarnemingen.be - Butterfly occurrences in Flanders and the Brussels Capital Region, Belgium is a species occurrence dataset published by Natuurpunt and described (v1.4) in Maes et al. 2016 (https://doi.org/10.3897/zookeys.585.8019). The dataset contains close to 900,000 butterfly occurrences of 68 naturally occurring species (native, vagrant or migrant species), recorded by volunteers (citizen scientists), mainly since 2008. The occurrences are derived from the database http://www.waarnemingen.be, hosted at the nature conservation NGO Natuurpunt in collaboration with Stichting Natuurinformatie. Together with the dataset Maes et al. (2016, https://doi.org/10.15468/njgbmh), the dataset represents the most complete overview of butterflies in Flanders and the Brussels Capital Region (north Belgium).
Generalized and/or withheld information: location information is generalized to 5 x 5 km² Universal Transverse Mercator (UTM) grid cells. Observer name, exact XY-coordinates, toponyms, and photographs are not included in the published dataset, but are known in the source database.
To allow anyone to use this dataset, we have released the data to the public domain under a Creative Commons Zero waiver (http://creativecommons.org/publicdomain/zero/1.0/). We would appreciate however, if you read and follow these norms for data use (http://www.natuurpunt.be/normen-voor-datagebruik) and provide a link to the original dataset (https://doi.org/10.15468/ezfbee) whenever possible. If you use these data for a scientific paper, please cite the dataset following the applicable citation norms and/or consider us for co-authorship. We are always interested to provide more information or know how you have used the data, so please contact us via the contact information provided in the metadata or natuurdata&amp;#64;natuurpunt.be.
The publication of this dataset was supported by the INBO as part of the Flemish contribution to LifeWatch.</para>
    </abstract>
        <keywordSet>
              <keyword>Occurrence</keyword>
              <keywordThesaurus>GBIF Dataset Type Vocabulary: http://rs.gbif.org/vocabulary/gbif/dataset_type.xml</keywordThesaurus>
        </keywordSet>
        <keywordSet>
              <keyword>Observation</keyword>
              <keywordThesaurus>GBIF Dataset Subtype Vocabulary: http://rs.gbif.org/vocabulary/gbif/dataset_subtype.xml</keywordThesaurus>
        </keywordSet>
        <keywordSet>
              <keyword>literature</keyword>
              <keyword>butterflies</keyword>
              <keyword>Lepidoptera</keyword>
              <keyword>observations</keyword>
              <keyword>citizen science</keyword>
              <keyword>collection</keyword>
              <keyword>distribution</keyword>
              <keyword>monitoring</keyword>
              <keywordThesaurus>n/a</keywordThesaurus>
        </keywordSet>
      <intellectualRights>
        <para>To the extent possible under law, the publisher has waived all rights to these data and has dedicated them to the <ulink url="http://creativecommons.org/publicdomain/zero/1.0/legalcode"><citetitle>Public Domain (CC0 1.0)</citetitle></ulink>. Users may copy, modify, distribute and use the work, including for commercial purposes, without restriction.</para>
      </intellectualRights>
      <distribution scope="document">
          <online>
              <url function="information">http://www.waarnemingen.be</url>
          </online>
      </distribution>
      <coverage>
            <geographicCoverage>
                  <geographicDescription>Flanders and the Brussels Capital Region. These regions are situated in the north of Belgium and cover an area of 13,522 km² and 162 km² respectively (13,684 km² in total or 45% of the Belgian territory). Flanders is largely covered by agricultural land and urban areas while the Brussels Capital Region is mainly urban. All occurrence data are generalized to grid cells of 5 x 5 km² of the Universal Transverse Mercator (UTM) coordinate system, with the grid codes indicated in the field verbatimCoordinates. The WGS84 centroids of these grid cells are calculated in decimalLatitude/Longitude with a coordinateUncertaintyInMeters of 3,769 meters using Wieczorek et al. 2004.</geographicDescription>
                  <boundingCoordinates>
                      <westBoundingCoordinate>2.54</westBoundingCoordinate>
                      <eastBoundingCoordinate>5.92</eastBoundingCoordinate>
                      <northBoundingCoordinate>51.51</northBoundingCoordinate>
                      <southBoundingCoordinate>50.68</southBoundingCoordinate>
                  </boundingCoordinates>
            </geographicCoverage>
          <temporalCoverage>
            <rangeOfDates>
              <beginDate>
                <calendarDate>      1934-05-19
</calendarDate>
              </beginDate>
              <endDate>
                <calendarDate>      2016-12-31
</calendarDate>
              </endDate>
            </rangeOfDates>
          </temporalCoverage>
              <taxonomicCoverage>
                    <generalTaxonomicCoverage>The dataset covers 49 of the 68 native as well as 3 regular migrant butterfly species (Colias croceus, C. hyale, and Vanessa cardui). Aporia crataegi, Argynnis adippe, Argynnis aglaja, Boloria selene, and Coenonympha tullia no longer have breeding populations in Flanders and recent observations are all considered as vagrant individuals in this dataset. 10 vagrant species with photographic evidence, that most likely spontaneously reached Flanders (Apatura ilia, Brenthis daphne, Brenthis ino, Cupido argiades, Iphiclides podalirius, Lampides boeticus, Nymphalis xanthomelas, Pieris mannii, Polyommatus coridon and Pontia daplidice), are also included. Two observations from Danaus plexippus are most likely escapes but the origin could not be confirmed. If the observer remarked that the specific individual was introduced by man, then this is recorded in the field establishmentMeans. Nomenclature is according to Fauna Europaea (http://www.faunaeur.org/full_results.php?id=7).</generalTaxonomicCoverage>
                    <taxonomicClassification>
                          <taxonRankName>Kingdom</taxonRankName>
                        <taxonRankValue>Animalia</taxonRankValue>
                          <commonName>animals</commonName>
                    </taxonomicClassification>
                    <taxonomicClassification>
                          <taxonRankName>Phylum</taxonRankName>
                        <taxonRankValue>Arthropoda</taxonRankValue>
                    </taxonomicClassification>
                    <taxonomicClassification>
                          <taxonRankName>Class</taxonRankName>
                        <taxonRankValue>Insecta</taxonRankValue>
                          <commonName>insects</commonName>
                    </taxonomicClassification>
                    <taxonomicClassification>
                          <taxonRankName>Order</taxonRankName>
                        <taxonRankValue>Lepidoptera</taxonRankValue>
                          <commonName>moths &amp; butterflies</commonName>
                    </taxonomicClassification>
                    <taxonomicClassification>
                          <taxonRankName>Family</taxonRankName>
                        <taxonRankValue>Hesperiidae</taxonRankValue>
                    </taxonomicClassification>
                    <taxonomicClassification>
                          <taxonRankName>Family</taxonRankName>
                        <taxonRankValue>Lycaenidae</taxonRankValue>
                    </taxonomicClassification>
                    <taxonomicClassification>
                          <taxonRankName>Family</taxonRankName>
                        <taxonRankValue>Nymphalidae</taxonRankValue>
                    </taxonomicClassification>
                    <taxonomicClassification>
                          <taxonRankName>Family</taxonRankName>
                        <taxonRankValue>Papilionidae</taxonRankValue>
                    </taxonomicClassification>
                    <taxonomicClassification>
                          <taxonRankName>Family</taxonRankName>
                        <taxonRankValue>Pieridae</taxonRankValue>
                    </taxonomicClassification>
              </taxonomicCoverage>
      </coverage>
      <purpose>
          <para>Butterflies are among the best studied insects in the world and have always attracted the attention of both professional researchers, amateur naturalists, butterfly collectors, and the wider public (Kühn et al. 2008). Butterflies are widely considered as interesting study systems for ecology, evolution, behaviour, and conservation biology (e.g., Watt and Boggs 2003). Many butterflies have been collected and subsequently stored in museum or private collections. Furthermore, entomologists have often published lists of observed species during excursions to special habitats or have made overviews of regional or national butterfly faunas. In Belgium, entomology in general and lepidopterology in particular, have a long tradition with the first faunas already published only seven years after its independence in 1830 (De Selys-Longchamps 1837). Since then, several authors have updated the Belgian butterfly fauna based on collections or observations (e.g., Hackray et al. 1969; De Prins 1998). In 1991, the youth and nature organization Jeugdbond voor Natuur en Milieu (JNM) launched a butterfly project with the aim to publish a distribution atlas of the butterflies of Flanders, north Belgium (Daniëls 1991). To do so, a first step consisted of collecting all historical collection and literature data. Secondly, a working group was organised in cooperation between JNM, De Wielewaal (which later became Natuurpunt) and the INBO that set up a citizen science project to obtain as many butterfly observations with a good spatial coverage over Flanders. The data gathered during this project (period 1991-1998) were used to compile a first Red List (Maes and Van Dyck 1996) and a distribution atlas of butterflies in Flanders, including the Brussels Capital Region (Maes and Van Dyck 1999). Recently, both the Red List (Maes et al. 2012) and the distribution atlas (Maes et al. 2013) were updated using recent distribution data recorded through www.waarnemingen.be, a data portal launched by Natuurpunt, the largest nature conservation NGO in Belgium, where citizen-scientists can store and keep track of their recordings. Here, we publish both the historical and the more recent data used for the Red List and the distribution atlases as a data paper on a UTM grid cell resolution of 5 x 5 km².</para>
      </purpose>
      <maintenance>
          <description>
              <para></para>
          </description>
          <maintenanceUpdateFrequency>annually</maintenanceUpdateFrequency>
      </maintenance>
      <contact>
    <individualName>
<givenName>Marc</givenName>          <surName>Herremans</surName>
    </individualName>
<organizationName>Natuurpunt Studie</organizationName><positionName>Diensthoofd Natuurpunt Studie</positionName>    <address>
<deliveryPoint>Coxiestraat 11</deliveryPoint><city>Mechelen</city><administrativeArea>Antwerp</administrativeArea><postalCode>2800</postalCode><country>BELGIUM</country>    </address>
<electronicMailAddress>marc.herremans@natuurpunt.be</electronicMailAddress><onlineUrl>http://www.natuurpunt.be</onlineUrl>      </contact>
      <methods>
            <methodStep>
                <description>
                    <para>Not provided.</para>
                </description>
            </methodStep>
            <sampling>
                <studyExtent>
                    <description>
                        <para>See geographic coverage.</para>
                    </description>
                </studyExtent>
                <samplingDescription>
                    <para>The observations (species, date, location, observer) were recorded by volunteers (citizen scientists) at http://www.waarnemingen.be.</para>
                </samplingDescription>
            </sampling>
            <qualityControl>
                <description>
                    <para>Recorded data are constantly verified by butterfly experts (including professional entomologists) taking collection specimens, the observer’s species knowledge, added photographs and known species list of locations into account. The validation procedure from waarnemingen.be consists of an interactive procedure in which observers can be asked for additional information by a team of validators, after which the validator manually adds a validation status. Records that are not manually validated are additionally checked by an automated validation procedure that takes into account the number of manually validated observations within a specified date and distance range. 10% of the observations in this dataset are supported by a photograph on waarnemingen.be. The validation status is indicated in the field identificationVerificationStatus, the link to the original record in references.</para>
                </description>
            </qualityControl>
      </methods>

</dataset>

<additionalMetadata>
    <metadata>
      <gbif>
        <dateStamp>2018-01-16T15:35:00Z</dateStamp>
      <citation identifier="http://doi.org/10.15468/ezfbee">Vanreusel W, Herremans M, Vantieghem P, Gielen K, Swinnen K, Desmet P (2017). Waarnemingen.be - Butterfly occurrences in Flanders and the Brussels Capital Region, Belgium. Version 1.5. Natuurpunt. Occurrence Dataset https://doi.org/10.15468/ezfbee accessed via GBIF.org on 2018-01-16.</citation>
              <bibliography>
      <citation identifier="http://doi.org/10.3897/zookeys.585.8019">Maes D, Vanreusel W, Herremans M, Vantieghem P, Brosens D, Gielen K, Beck O, Van Dyck H, Desmet P, Vlinderwerkgroep Natuurpunt (2016) A database on the distribution of butterflies (Lepidoptera) in northern Belgium (Flanders and the Brussels Capital Region). ZooKeys 585: 143-156. doi: 10.3897/zookeys.585.8019</citation>
      <citation>Daniëls L (1991). JNM-Dagvlinderprojekt. Euglena, 10: 26-27.</citation>
      <citation>De Prins W (1998). Catalogue of the Lepidoptera of Belgium, Koninklijk Belgisch Instituut voor Natuurwetenschappen, Brussel, 235 pp.</citation>
      <citation>De Selys-Longchamps E (1837). Catalogue des Lepidoptères ou Papillons de la Belgique. Luik. 14-21.</citation>
      <citation>Hackray J, Sarlet L, Berger L (1969). Catalogue des macrolépidoptères de Belgique. Lambillionea (suppl.), 67: 1-256.</citation>
      <citation identifier="http://doi.org/10.1560/IJEE.54.1.89">Kühn E, Feldmann R, Harpke A, Hirneisen N, Musche M, Leopold P, Settele J (2008). Getting the public involved in butterfly conservation: Lessons learned from a new monitoring scheme in Germany. Israel Journal of Ecology &amp; Evolution, 54: 89-103. doi: 10.1560/IJEE.54.1.89</citation>
      <citation>Maes D, Van Dyck H (1996). Een gedocumenteerde Rode lijst van de dagvlinders van Vlaanderen, Mededelingen van het Instituut voor Natuurbehoud Instituut voor Natuurbehoud, Brussel, 154 pp.</citation>
      <citation>Maes D, Van Dyck H (1999). Dagvlinders in Vlaanderen - Ecologie, verspreiding en behoud, Stichting Leefmilieu i.s.m. Instituut voor Natuurbehoud en Vlaamse Vlinderwerkgroep, Antwerpen/Brussel, 480 pp.</citation>
      <citation identifier="http://doi.org/10.1016/j.biocon.2011.11.021">Maes D, Vanreusel W, Jacobs I, Berwaerts K, Van Dyck H (2012). Applying IUCN Red List criteria at a small regional level: A test case with butterflies in Flanders (north Belgium). Biological Conservation, 145: 258-266. doi: 10.1016/j.biocon.2011.11.021</citation>
      <citation>Maes D, Vanreusel W, Van Dyck H (2013). Dagvlinders in Vlaanderen: nieuwe kennis voor betere actie, Uitgeverij Lannoo nv, Tielt, 542 pp.</citation>
      <citation identifier="http://doi.org/10.15468/njgbmh">Maes D, Brosens D, Beck O, Van Dyck H, Desmet P, Vlinderwerkgroep Natuurpunt, all butterfly recorders (2016): Vlinderdatabank - Butterflies in Flanders and the Brussels Capital Region, Belgium. Research Institute for Nature and Forest (INBO). Dataset/Occurrence. http://doi.org/10.15468/njgbmh Data paper: http://doi.org/10.3897/zookeys.585.8019</citation>
      <citation identifier="http://doi.org/10.1080/13658810412331280211">Wieczorek J, Guo QG, Hijmans RJ (2004). The point-radius method for georeferencing locality descriptions and calculating associated uncertainty. International Journal of Geographical Information Science, 18: 745-767. doi: 10.1080/13658810412331280211</citation>
              </bibliography>
              <resourceLogoUrl>http://data.inbo.be/ipt/logo.do?r=vissen-natuurpunt-occurrences</resourceLogoUrl>
        </gbif>
    </metadata>
</additionalMetadata>

</eml:eml>
