<?xml version="1.0" encoding="utf-8"?>
<eml:eml xmlns:eml="eml://ecoinformatics.org/eml-2.1.1" xmlns:xsi="http://www.w3.org/2001/XMLSchema-instance"
         xsi:schemaLocation="eml://ecoinformatics.org/eml-2.1.1 http://rs.gbif.org/schema/eml-gbif-profile/1.1/eml.xsd"
        packageId="264e6a66-9c9e-4115-9aec-29d694c68097"  system="http://gbif.org" scope="system"
  xml:lang="en">

<dataset>
      <alternateIdentifier>doi:10.15468/skcono</alternateIdentifier>
        <alternateIdentifier>https://data.gbif.no/ipt/resource?r=birds</alternateIdentifier>
        <alternateIdentifier>264e6a66-9c9e-4115-9aec-29d694c68097</alternateIdentifier>
        <alternateIdentifier>http://dev.gbif.no/ipt/resource?r=birds</alternateIdentifier>
    <title>Bird collection</title>
    <creator>
    <individualName>
<givenName>Lars Erik</givenName>          <surName>Johannessen</surName>
    </individualName>
<organizationName>Natural History Museum, University of Oslo</organizationName>    <address>
<deliveryPoint>P.O. Box 1172 Blindern</deliveryPoint><postalCode>NO-0318 Oslo</postalCode><country>NORWAY</country>    </address>
<electronicMailAddress>nhm-dnabank@nhm.uio.no</electronicMailAddress><onlineUrl>https://www.nhm.uio.no/english/research/collections/zoological/bird/</onlineUrl>    </creator>
    <metadataProvider>
    <individualName>
<givenName>Lars Erik</givenName>          <surName>Johannessen</surName>
    </individualName>
<organizationName>Natural History Museum, University of Oslo</organizationName>    <address>
<deliveryPoint>P.O. Box 1172 Blindern</deliveryPoint><postalCode>NO-0318 Oslo</postalCode><country>NORWAY</country>    </address>
<electronicMailAddress>nhm-dnabank@nhm.uio.no</electronicMailAddress><onlineUrl>https://www.nhm.uio.no/english/research/collections/zoological/bird/</onlineUrl>    </metadataProvider>
      <pubDate>
      2017-11-15
      </pubDate>
    <language>en</language>
    <abstract>
        <para>The NHMO DNA Bank holds a comprehensive collection of tissue and extracted DNA predominantly from Scandinavian fauna and flora, but also with substantial contributions from other parts of the world.</para>
    </abstract>
      <intellectualRights>
        <para>This work is licensed under a <ulink url="http://creativecommons.org/licenses/by/4.0/legalcode"><citetitle>Creative Commons Attribution (CC-BY) 4.0 License</citetitle></ulink>.</para>
      </intellectualRights>
      <contact>
    <individualName>
<givenName>Lars Erik</givenName>          <surName>Johannessen</surName>
    </individualName>
<organizationName>Natural History Museum, University of Oslo</organizationName>    <address>
<deliveryPoint>P.O. Box 1172 Blindern</deliveryPoint><postalCode>NO-0318 Oslo</postalCode><country>NORWAY</country>    </address>
<electronicMailAddress>nhm-dnabank@nhm.uio.no</electronicMailAddress><onlineUrl>https://www.nhm.uio.no/english/research/collections/zoological/bird/</onlineUrl>      </contact>

</dataset>

<additionalMetadata>
    <metadata>
      <gbif>
        <dateStamp>2018-01-16T15:35:05Z</dateStamp>
      <citation>Johannessen L E (2017). Bird collection. Natural History Museum, University of Oslo. Occurrence Dataset https://doi.org/10.15468/skcono accessed via GBIF.org on 2018-01-16.</citation>
        </gbif>
    </metadata>
</additionalMetadata>

</eml:eml>
