<?xml version="1.0" encoding="utf-8"?>
<eml:eml xmlns:eml="eml://ecoinformatics.org/eml-2.1.1" xmlns:xsi="http://www.w3.org/2001/XMLSchema-instance"
         xsi:schemaLocation="eml://ecoinformatics.org/eml-2.1.1 http://rs.gbif.org/schema/eml-gbif-profile/1.1/eml.xsd"
        packageId="7f513bfc-f762-11e1-a439-00145eb45e9a"  system="http://gbif.org" scope="system"
  xml:lang="en">

<dataset>
      <alternateIdentifier>doi:10.15468/v5f2e2</alternateIdentifier>
        <alternateIdentifier>http://danbif.au.dk/ipt/resource?r=ds32</alternateIdentifier>
        <alternateIdentifier>http://danbif.au.dk/ipt/resource.do?r=ds32</alternateIdentifier>
        <alternateIdentifier>http://data.gbif.org/datasets/resource/13039</alternateIdentifier>
        <alternateIdentifier>7f513bfc-f762-11e1-a439-00145eb45e9a</alternateIdentifier>
        <alternateIdentifier>13039</alternateIdentifier>
    <title>Atlas Survey of the Butterflies of Denmark</title>
    <creator>
    <individualName>
<givenName>Isabel</givenName>          <surName>Calabuig</surName>
    </individualName>
<organizationName>Danish Biodiversity Information Facility (DanBIF)</organizationName><positionName>Project leader, and DanBIF Node Manager</positionName>    <address>
<deliveryPoint>Natural History Museum of Denmark, Universitetsparken 15</deliveryPoint><city>Copenhagen</city><postalCode>2100</postalCode><country>DENMARK</country>    </address>
<phone>+45 353-21103</phone><electronicMailAddress>ICalabuig@snm.ku.dk</electronicMailAddress>    </creator>
    <metadataProvider>
    <individualName>
<givenName>Isabel</givenName>          <surName>Calabuig</surName>
    </individualName>
<organizationName>Danish Biodiversity Information Facility (DanBIF)</organizationName><positionName>Project leader, and DanBIF Node Manager</positionName>    <address>
<deliveryPoint>Natural History Museum of Denmark, Universitetsparken 15</deliveryPoint><city>Copenhagen</city><postalCode>2100</postalCode><country>DENMARK</country>    </address>
<phone>+45 353-21103</phone><electronicMailAddress>ICalabuig@snm.ku.dk</electronicMailAddress>    </metadataProvider>
    <associatedParty>
    <individualName>
<givenName>Isabel</givenName>          <surName>Calabuig</surName>
    </individualName>
<organizationName>Danish Biodiversity Information Facility (DanBIF)</organizationName><positionName>Project leader, and DanBIF Node Manager</positionName>    <address>
<deliveryPoint>Natural History Museum of Denmark, Universitetsparken 15</deliveryPoint><city>Copenhagen</city><postalCode>2100</postalCode><country>DENMARK</country>    </address>
<phone>+45 353-21103</phone><electronicMailAddress>ICalabuig@snm.ku.dk</electronicMailAddress>    <role>USER</role>
    </associatedParty>
      <pubDate>
      2016-08-08
      </pubDate>
    <language>ENGLISH</language>
    <abstract>
        <para>This dataset contains the primary occurrence data from a complete atlas survey of the Butterflies of Denmark. The survey was carried out 1989 through 1994 and documents the species’ current and former distributions – based on civil scientist, country-wide, field observations during the survey, registration of collection specimens, and literature sources. The work was coordinated, and data compiled and analysed, by M.Sc. Biol., Ph.D. Michael Stoltze, to produce the bookwork ”Danske dagsommerfugle” (Danish Butterflies, ISBN-10: 8700212768; ISBN-13: 9788700212763). The dataset contains 199307 records, covering a total of 89 species.  Med tilladelse fra Atlasprojektet Danmarks Dagsommerfugle / With permission from the Atlas survey of the Butterflies of Denmark.</para>
    </abstract>
        <keywordSet>
              <keyword>Animalia</keyword>
              <keyword>Atlasprojekt Danmarks Dagsommerfugle</keyword>
              <keyword>country-wide</keyword>
              <keyword>Insecta</keyword>
              <keyword>Europe</keyword>
              <keyword>by M.Sc. Biol.</keyword>
              <keyword>Ph.D. Michael Stoltze</keyword>
              <keyword>This dataset contains the primary occurrence data from a complete atlas survey of the Butterflies of Denmark. The survey was carried out 1989 through 1994 and documents the species’ current and former distributions – based on civil scientist</keyword>
              <keyword>and data compiled and analysed</keyword>
              <keyword>DENMARK</keyword>
              <keyword>to produce the bookwork ”Danske dagsommerfugle” (Danish Butterflies</keyword>
              <keyword>Michael Stoltze</keyword>
              <keyword>field observations during the survey</keyword>
              <keyword>covering a total of 89 species.  Med tilladelse fra Atlasprojektet Danmarks Dagsommerfugle / With permission from the Atlas survey of the Butterflies of Denmark.</keyword>
              <keyword>Arthropoda</keyword>
              <keyword>Lepidoptera</keyword>
              <keyword>Atlas Survey of the Butterflies of Denmark</keyword>
              <keyword>registration of collection specimens</keyword>
              <keyword>ISBN-10: 8700212768; ISBN-13: 9788700212763). The dataset contains 199307 records</keyword>
              <keyword>and literature sources. The work was coordinated</keyword>
              <keywordThesaurus>N/A</keywordThesaurus>
        </keywordSet>
        <keywordSet>
              <keyword>Occurrence</keyword>
              <keywordThesaurus>GBIF Dataset Type Vocabulary: http://rs.gbif.org/vocabulary/gbif/dataset_type.xml</keywordThesaurus>
        </keywordSet>
        <keywordSet>
              <keyword>Observation</keyword>
              <keywordThesaurus>GBIF Dataset Subtype Vocabulary: http://rs.gbif.org/vocabulary/gbif/dataset_subtype.xml</keywordThesaurus>
        </keywordSet>
      <intellectualRights>
        <para>This work is licensed under a <ulink url="http://creativecommons.org/licenses/by/4.0/legalcode"><citetitle>Creative Commons Attribution (CC-BY) 4.0 License</citetitle></ulink>.</para>
      </intellectualRights>
      <coverage>
            <geographicCoverage>
                  <geographicDescription>EURO DK</geographicDescription>
                  <boundingCoordinates>
                      <westBoundingCoordinate>7.2</westBoundingCoordinate>
                      <eastBoundingCoordinate>12.9</eastBoundingCoordinate>
                      <northBoundingCoordinate>57.7</northBoundingCoordinate>
                      <southBoundingCoordinate>54.5</southBoundingCoordinate>
                  </boundingCoordinates>
            </geographicCoverage>
          <temporalCoverage>
            <rangeOfDates>
              <beginDate>
                <calendarDate>      1900-01-01
</calendarDate>
              </beginDate>
              <endDate>
                <calendarDate>      1993-12-11
</calendarDate>
              </endDate>
            </rangeOfDates>
          </temporalCoverage>
              <taxonomicCoverage>
                    <generalTaxonomicCoverage>Animalia Arthropoda Insecta Lepidoptera</generalTaxonomicCoverage>
                    <taxonomicClassification>
                        <taxonRankValue>Animalia Arthropoda Insecta Lepidoptera</taxonRankValue>
                    </taxonomicClassification>
              </taxonomicCoverage>
      </coverage>
      <contact>
    <individualName>
<givenName>Isabel</givenName>          <surName>Calabuig</surName>
    </individualName>
<organizationName>Danish Biodiversity Information Facility (DanBIF)</organizationName><positionName>Project leader, and DanBIF Node Manager</positionName>    <address>
<deliveryPoint>Natural History Museum of Denmark, Universitetsparken 15</deliveryPoint><city>Copenhagen</city><postalCode>2100</postalCode><country>DENMARK</country>    </address>
<phone>+45 353-21103</phone><electronicMailAddress>ICalabuig@snm.ku.dk</electronicMailAddress>      </contact>

</dataset>

<additionalMetadata>
    <metadata>
      <gbif>
        <dateStamp>2018-01-16T15:35:03Z</dateStamp>
      <citation>Calabuig I (2016). Atlas Survey of the Butterflies of Denmark. Atlas survey of the Butterflies of Denmark. Occurrence Dataset https://doi.org/10.15468/v5f2e2 accessed via GBIF.org on 2018-01-16.</citation>
        </gbif>
    </metadata>
</additionalMetadata>

</eml:eml>
