<?xml version="1.0" encoding="utf-8"?>
<eml:eml xmlns:eml="eml://ecoinformatics.org/eml-2.1.1" xmlns:xsi="http://www.w3.org/2001/XMLSchema-instance"
         xsi:schemaLocation="eml://ecoinformatics.org/eml-2.1.1 http://rs.gbif.org/schema/eml-gbif-profile/1.1/eml.xsd"
        packageId="8186b0c0-925e-11da-8900-b8a03c50a862"  system="http://gbif.org" scope="system"
  xml:lang="en">

<dataset>
      <alternateIdentifier>doi:10.15468/q5o88l</alternateIdentifier>
        <alternateIdentifier>http://ipt.gbif.pl:8080/resource?r=ug_sbwp</alternateIdentifier>
        <alternateIdentifier>8186b0c0-925e-11da-8900-b8a03c50a862</alternateIdentifier>
        <alternateIdentifier>1428</alternateIdentifier>
    <title>Ringing Data from the Bird Migration Research Station, University of Gdańsk</title>
    <creator>
    <individualName>
<givenName>Jarosław</givenName>          <surName>Nowakowski</surName>
    </individualName>
<organizationName>University of Gdańsk, Bird Migration Research Station</organizationName>    <address>
<country>POLAND</country>    </address>
<electronicMailAddress>jaroslaw.nowakowski@gazeta.pl</electronicMailAddress><onlineUrl>http://www.birds.univ.gda.pl/</onlineUrl>    </creator>
    <metadataProvider>
    <individualName>
<givenName>Jarosław</givenName>          <surName>Nowakowski</surName>
    </individualName>
<organizationName>University of Gdańsk, Bird Migration Research Station</organizationName>    <address>
<country>POLAND</country>    </address>
<electronicMailAddress>jaroslaw.nowakowski@gazeta.pl</electronicMailAddress><onlineUrl>http://www.birds.univ.gda.pl/</onlineUrl>    </metadataProvider>
    <associatedParty>
    <individualName>
<givenName>Jarosław</givenName>          <surName>Nowakowski</surName>
    </individualName>
<electronicMailAddress>jaroslaw.nowakowski@gazeta.pl</electronicMailAddress>    <role>USER</role>
    </associatedParty>
      <pubDate>
      2017-12-14
      </pubDate>
    <language>ENGLISH</language>
    <abstract>
        <para>Ringing data (mainly passerines) has been collected at ringing stations in Northern Poland since 1961. The database is still under development.</para>
    </abstract>
        <keywordSet>
              <keyword>Occurrence</keyword>
              <keywordThesaurus>GBIF Dataset Type Vocabulary: http://rs.gbif.org/vocabulary/gbif/dataset_type.xml</keywordThesaurus>
        </keywordSet>
        <keywordSet>
              <keyword>Specimen</keyword>
              <keywordThesaurus>GBIF Dataset Subtype Vocabulary: http://rs.gbif.org/vocabulary/gbif/dataset_subtype.xml</keywordThesaurus>
        </keywordSet>
      <intellectualRights>
        <para>This work is licensed under a <ulink url="http://creativecommons.org/licenses/by-nc/4.0/legalcode"><citetitle>Creative Commons Attribution Non Commercial (CC-BY-NC) 4.0 License</citetitle></ulink>.</para>
      </intellectualRights>
      <maintenance>
          <description>
              <para></para>
          </description>
          <maintenanceUpdateFrequency>unkown</maintenanceUpdateFrequency>
      </maintenance>
      <contact>
    <individualName>
<givenName>Jarosław</givenName>          <surName>Nowakowski</surName>
    </individualName>
<organizationName>University of Gdańsk, Bird Migration Research Station</organizationName>    <address>
<country>POLAND</country>    </address>
<electronicMailAddress>jaroslaw.nowakowski@gazeta.pl</electronicMailAddress><onlineUrl>http://www.birds.univ.gda.pl/</onlineUrl>      </contact>

</dataset>

<additionalMetadata>
    <metadata>
      <gbif>
        <dateStamp>2018-01-16T15:35:05Z</dateStamp>
      <citation>Nowakowski J (2017). Ringing Data from the Bird Migration Research Station, University of Gdańsk. University of Gdańsk, Bird Migration Research Station. Occurrence Dataset https://doi.org/10.15468/q5o88l accessed via GBIF.org on 2018-01-16.</citation>
        </gbif>
    </metadata>
</additionalMetadata>

</eml:eml>
