<?xml version="1.0" encoding="utf-8"?>
<eml:eml xmlns:eml="eml://ecoinformatics.org/eml-2.1.1" xmlns:xsi="http://www.w3.org/2001/XMLSchema-instance"
         xsi:schemaLocation="eml://ecoinformatics.org/eml-2.1.1 http://rs.gbif.org/schema/eml-gbif-profile/1.1/eml.xsd"
        packageId="86ba1954-f762-11e1-a439-00145eb45e9a"  system="http://gbif.org" scope="system"
  xml:lang="en">

<dataset>
      <alternateIdentifier>doi:10.15468/auzyaa</alternateIdentifier>
        <alternateIdentifier>2012</alternateIdentifier>
    <title>Universidad Autónoma de Madrid, Madrid; Lepidópteros</title>
    <language>en</language>
    <abstract>
        <para>Universidad Autónoma de Madrid, Madrid; Lepidópteros</para>
    </abstract>
      <intellectualRights>
        <para>This work is licensed under a <ulink url="http://creativecommons.org/licenses/by/4.0/legalcode"><citetitle>Creative Commons Attribution (CC-BY) 4.0 License</citetitle></ulink>.</para>
      </intellectualRights>
      <contact>
    <individualName>
          <surName>Enrique García-Barros</surName>
    </individualName>
<phone>34-91 497 82 81</phone><electronicMailAddress>garcia.barros@uam.es</electronicMailAddress>      </contact>

</dataset>

<additionalMetadata>
    <metadata>
      <gbif>
        <dateStamp>2018-01-16T15:35:08Z</dateStamp>
      <citation>Dep. Biology, Univ. Autónoma de Madrid. Universidad Autónoma de Madrid, Madrid; Lepidópteros. Occurrence Dataset https://doi.org/10.15468/auzyaa accessed via GBIF.org on 2018-01-16.</citation>
        </gbif>
    </metadata>
</additionalMetadata>

</eml:eml>
