<?xml version="1.0" encoding="utf-8"?>
<eml:eml xmlns:eml="eml://ecoinformatics.org/eml-2.1.1" xmlns:xsi="http://www.w3.org/2001/XMLSchema-instance"
         xsi:schemaLocation="eml://ecoinformatics.org/eml-2.1.1 http://rs.gbif.org/schema/eml-gbif-profile/1.1/eml.xsd"
        packageId="8971dfba-f762-11e1-a439-00145eb45e9a"  system="http://gbif.org" scope="system"
  xml:lang="en">

<dataset>
      <alternateIdentifier>doi:10.18165/9enbmt</alternateIdentifier>
        <alternateIdentifier>doi:10.15468/tbpwqc</alternateIdentifier>
        <alternateIdentifier>http://web.macs.ualberta.ca:8088/ipt/resource?r=entomology</alternateIdentifier>
        <alternateIdentifier>http://web.macs.ualberta.ca:8088/ipt/resource.do?r=entomology</alternateIdentifier>
        <alternateIdentifier>8971dfba-f762-11e1-a439-00145eb45e9a</alternateIdentifier>
        <alternateIdentifier>2618</alternateIdentifier>
    <title>University of Alberta E. H. Strickland Entomological Museum (UASM)</title>
    <creator>
    <individualName>
          <surName>University of Alberta Museums</surName>
    </individualName>
    <address>
<deliveryPoint>Ring House 1, Museums and Collections Services, University of Alberta</deliveryPoint><city>Edmonton</city><administrativeArea>Alberta</administrativeArea><postalCode>T6G 2E1</postalCode><country>CANADA</country>    </address>
<phone>780.492.5834</phone><electronicMailAddress>museums@ualberta.ca</electronicMailAddress><onlineUrl>http://www.museums.ualberta.ca/</onlineUrl>    </creator>
    <metadataProvider>
    <individualName>
<givenName>Bryan</givenName>          <surName>Brunet</surName>
    </individualName>
<organizationName>University of Alberta Museums</organizationName><positionName>Collections Management Advisor (Natural Sciences)</positionName>    <address>
<deliveryPoint>Ring House 1, Museums and Collections Services, University of Alberta</deliveryPoint><city>Edmonton</city><administrativeArea>Alberta</administrativeArea><postalCode>T6G 2E1</postalCode><country>CANADA</country>    </address>
<phone>780-492-6271</phone><electronicMailAddress>bbrunet@ualberta.ca</electronicMailAddress><onlineUrl>http://www.museums.ualberta.ca/</onlineUrl>      <userId directory="http://orcid.org/">0000-0001-5083-9662</userId>
    </metadataProvider>
    <metadataProvider>
    <individualName>
<givenName>Jim</givenName>          <surName>Whittome</surName>
    </individualName>
<organizationName>University of Alberta Museums</organizationName><positionName>Museum Collections Manager</positionName>    <address>
<deliveryPoint>Ring House 1, Museums and Collections Services, University of Alberta</deliveryPoint><city>Edmonton</city><administrativeArea>Alberta</administrativeArea><postalCode>T6G 2E1</postalCode><country>CANADA</country>    </address>
<phone>780-492-3871</phone><electronicMailAddress>whittome@ualberta.ca</electronicMailAddress><onlineUrl>http://www.museums.ualberta.ca/</onlineUrl>    </metadataProvider>
    <associatedParty>
    <individualName>
<givenName>Danny</givenName>          <surName>Shpeley</surName>
    </individualName>
<organizationName>University of Alberta</organizationName><positionName>Assistant Curator</positionName>    <address>
<deliveryPoint>CW 405, Biological Sciences Bldg., University of Alberta</deliveryPoint><city>Edmonton</city><administrativeArea>Alberta</administrativeArea><postalCode>T6G 2E9</postalCode><country>CANADA</country>    </address>
<phone>780-492-0461</phone><electronicMailAddress>dshpeley@ualberta.ca</electronicMailAddress><onlineUrl>http://www.biology.ualberta.ca/uasm/?Page=2416</onlineUrl>    <role>CURATOR</role>
    </associatedParty>
    <associatedParty>
    <individualName>
<givenName>Bryan</givenName>          <surName>Brunet</surName>
    </individualName>
<organizationName>University of Alberta Museums</organizationName><positionName>Collections Management Advisor (Natural Sciences)</positionName>    <address>
<deliveryPoint>Ring House 1, Museums and Collections Services, University of Alberta</deliveryPoint><city>Edmonton</city><administrativeArea>Alberta</administrativeArea><postalCode>T6G 2E1</postalCode><country>CANADA</country>    </address>
<phone>780-492-6271</phone><electronicMailAddress>bbrunet@ualberta.ca</electronicMailAddress><onlineUrl>http://www.museums.ualberta.ca/</onlineUrl>      <userId directory="http://orcid.org/">0000-0001-5083-9662</userId>
    <role>CUSTODIAN_STEWARD</role>
    </associatedParty>
    <associatedParty>
    <individualName>
<givenName>Jim</givenName>          <surName>Whittome</surName>
    </individualName>
<organizationName>University of Alberta Museums</organizationName><positionName>Museum Collections Manager</positionName>    <address>
<deliveryPoint>Ring House 1, Museums and Collections Services, University of Alberta</deliveryPoint><city>Edmonton</city><administrativeArea>Alberta</administrativeArea><postalCode>T6G 2E1</postalCode><country>CANADA</country>    </address>
<phone>780-492-3871</phone><electronicMailAddress>whittome@ualberta.ca</electronicMailAddress><onlineUrl>http://www.museums.ualberta.ca/</onlineUrl>    <role>CUSTODIAN_STEWARD</role>
    </associatedParty>
    <associatedParty>
    <individualName>
<givenName>Felix</givenName>          <surName>Sperling</surName>
    </individualName>
<organizationName>University of Alberta</organizationName><positionName>Curator</positionName>    <address>
<deliveryPoint>CW 405, Biological Sciences Bldg., University of Alberta</deliveryPoint><city>Edmonton</city><administrativeArea>Alberta</administrativeArea><postalCode>T6G 2E9</postalCode><country>CANADA</country>    </address>
<phone>780-492-3991</phone><electronicMailAddress>felix.sperling@ualberta.ca</electronicMailAddress><onlineUrl>https://uofa.ualberta.ca/biological-sciences/faculty-and-staff/academic-staff/felix-sperling</onlineUrl>      <userId directory="http://scholar.google.com/citations?user=">W5FvZ84AAAAJ&amp;hl=en</userId>
    <role>CURATOR</role>
    </associatedParty>
      <pubDate>
      2018-01-12
      </pubDate>
    <language>ENGLISH</language>
    <abstract>
        <para>The E. H. Strickland Entomological Museum houses approximately one million specimens. The research collection includes principally Nearctic insects, representing most orders and the major families thereof. The beetle family Carabidae is especially well represented: included are about 400,000 specimens mainly from the Nearctic region, but with an important Neotropical component, and fewer taxa from the remaining biogeographic regions of the world. The moths and butterflies, order Lepidoptera, with over 65,000 specimens, about half of which are from Alberta localities, are another group of major interest.</para>
    </abstract>
        <keywordSet>
              <keyword>Occurrence</keyword>
              <keywordThesaurus>GBIF Dataset Type Vocabulary: http://rs.gbif.org/vocabulary/gbif/dataset_type.xml</keywordThesaurus>
        </keywordSet>
        <keywordSet>
              <keyword>Specimen</keyword>
              <keywordThesaurus>GBIF Dataset Subtype Vocabulary: http://rs.gbif.org/vocabulary/gbif/dataset_subtype.xml</keywordThesaurus>
        </keywordSet>
      <intellectualRights>
        <para>To the extent possible under law, the publisher has waived all rights to these data and has dedicated them to the <ulink url="http://creativecommons.org/publicdomain/zero/1.0/legalcode"><citetitle>Public Domain (CC0 1.0)</citetitle></ulink>. Users may copy, modify, distribute and use the work, including for commercial purposes, without restriction.</para>
      </intellectualRights>
      <distribution scope="document">
          <online>
              <url function="information">http://entomology.museums.ualberta.ca/</url>
          </online>
      </distribution>
      <coverage>
            <geographicCoverage>
                  <geographicDescription>Global, North America, Canada, United States, Mexico, Alberta</geographicDescription>
                  <boundingCoordinates>
                      <westBoundingCoordinate>-180</westBoundingCoordinate>
                      <eastBoundingCoordinate>180</eastBoundingCoordinate>
                      <northBoundingCoordinate>90</northBoundingCoordinate>
                      <southBoundingCoordinate>-90</southBoundingCoordinate>
                  </boundingCoordinates>
            </geographicCoverage>
              <taxonomicCoverage>
                    <generalTaxonomicCoverage>The following taxonomic groups make up &gt;10% of the collection:
Arthropoda, Hexapoda, Coleoptera, Lepidoptera, Carabidae, Noctuidae</generalTaxonomicCoverage>
                    <taxonomicClassification>
                          <taxonRankName>Phylum</taxonRankName>
                        <taxonRankValue>Arthropoda</taxonRankValue>
                          <commonName>Arthropods</commonName>
                    </taxonomicClassification>
                    <taxonomicClassification>
                          <taxonRankName>Class</taxonRankName>
                        <taxonRankValue>Hexapoda</taxonRankValue>
                          <commonName>Hexapods</commonName>
                    </taxonomicClassification>
                    <taxonomicClassification>
                          <taxonRankName>Order</taxonRankName>
                        <taxonRankValue>Coleoptera</taxonRankValue>
                          <commonName>Beetles</commonName>
                    </taxonomicClassification>
                    <taxonomicClassification>
                          <taxonRankName>Order</taxonRankName>
                        <taxonRankValue>Lepidoptera</taxonRankValue>
                          <commonName>Moths &amp; Butterflies</commonName>
                    </taxonomicClassification>
                    <taxonomicClassification>
                          <taxonRankName>Family</taxonRankName>
                        <taxonRankValue>Carabidae</taxonRankValue>
                          <commonName>Ground Beetles</commonName>
                    </taxonomicClassification>
                    <taxonomicClassification>
                          <taxonRankName>Family</taxonRankName>
                        <taxonRankValue>Noctuidae</taxonRankValue>
                          <commonName>Owlet Moths</commonName>
                    </taxonomicClassification>
              </taxonomicCoverage>
      </coverage>
      <maintenance>
          <description>
              <para></para>
          </description>
          <maintenanceUpdateFrequency>daily</maintenanceUpdateFrequency>
      </maintenance>
      <contact>
    <individualName>
<givenName>Felix</givenName>          <surName>Sperling</surName>
    </individualName>
<organizationName>University of Alberta</organizationName><positionName>Curator</positionName>    <address>
<deliveryPoint>CW 405, Biological Sciences Bldg., University of Alberta</deliveryPoint><city>Edmonton</city><administrativeArea>Alberta</administrativeArea><postalCode>T6G 2E9</postalCode><country>CANADA</country>    </address>
<phone>780-492-3991</phone><electronicMailAddress>felix.sperling@ualberta.ca</electronicMailAddress><onlineUrl>https://uofa.ualberta.ca/biological-sciences/faculty-and-staff/academic-staff/felix-sperling</onlineUrl>      <userId directory="http://scholar.google.com/citations?user=">W5FvZ84AAAAJ&amp;hl=en</userId>
      </contact>

</dataset>

<additionalMetadata>
    <metadata>
      <gbif>
        <dateStamp>2018-01-16T15:35:05Z</dateStamp>
      <citation identifier="http://doi.org/10.18165/9enbmt">University of Alberta Museums (2018). University of Alberta E. H. Strickland Entomological Museum (UASM). Occurrence Dataset https://doi.org/10.18165/9enbmt accessed via GBIF.org on 2018-01-16.</citation>
              <collection>
                <parentCollectionIdentifier>UAM</parentCollectionIdentifier>
                <collectionIdentifier>UASM</collectionIdentifier>
                <collectionName>University of Alberta E.H. Strickland Entomological Museum</collectionName>
              </collection>
              <formationPeriod>1877-current</formationPeriod>
                <specimenPreservationMethod>MOUNTED</specimenPreservationMethod>
        </gbif>
    </metadata>
</additionalMetadata>

</eml:eml>
